0.49987536668777466,0.2540397644042969,-0.4093279242515564,0.5177330374717712,0.23109957575798035,-0.3924899697303772,0.5261799693107605,0.23291029036045074,-0.39272311329841614,0.535022497177124,0.23529541492462158,-0.39283111691474915,0.4986449182033539,0.22920790314674377,-0.35832276940345764,0.4934711456298828,0.22945906221866608,-0.35833069682121277,0.48890188336372375,0.22951720654964447,-0.35862478613853455,0.5543392896652222,0.2660898268222809,-0.24802322685718536,0.4893055856227875,0.25459665060043335,-0.09436234831809998,0.5142401456832886,0.2967025935649872,-0.3643035888671875,0.489652156829834,0.2896799147129059,-0.31942445039749146,0.6068671941757202,0.49679312109947205,-0.23477846384048462,0.4380430579185486,0.44649142026901245,0.05064375326037407,0.6313819885253906,0.7770957946777344,-0.30115506052970886,0.35320720076560974,0.47235339879989624,-0.1736161857843399,0.6233310699462891,0.9799225926399231,-0.42432358860969543,0.3769475221633911,0.22358620166778564,-0.6113207936286926,0.6314018964767456,1.0661406517028809,-0.468968003988266,0.39065754413604736,0.16465018689632416,-0.6975052952766418,0.6171473860740662,1.0653233528137207,-0.5049751996994019,0.39900365471839905,0.1580820381641388,-0.6725054383277893,0.6092600226402283,1.0305391550064087,-0.43941667675971985,0.3989516496658325,0.17594003677368164,-0.6212461590766907,0.5551525354385376,0.9846705794334412,-0.09284801036119461,0.4376627802848816,0.9703367948532104,0.09339248389005661,0.5355286002159119,1.3473070859909058,-0.06795234978199005,0.4210647940635681,1.3253309726715088,0.22746796905994415,0.5344625115394592,1.689164161682129,0.23515139520168304,0.4230375587940216,1.665436863899231,0.5904366970062256,0.5396478772163391,1.7368545532226562,0.24754907190799713,0.4219622313976288,1.7072275876998901,0.6199848651885986,0.5111133456230164,1.7818926572799683,-0.055673353374004364,0.42793387174606323,1.7695097923278809,0.32864469289779663,0.36824578046798706,0.21641360223293304,3.086370270466432e-08,0.3693954348564148,0.17767255008220673,0.008972113020718098,0.3775608241558075,0.15023301541805267,0.010023241862654686,0.38870126008987427,0.13990584015846252,0.00863318145275116,0.4002945125102997,0.1395145207643509,0.00727627519518137,0.37947025895118713,0.12717746198177338,0.0032382169738411903,0.3984653055667877,0.10602979362010956,0.001790524460375309,0.40843093395233154,0.11055833101272583,0.00204303115606308,0.41177356243133545,0.11880294233560562,0.002941447775810957,0.38791796565055847,0.13430066406726837,-0.003594286972656846,0.40943169593811035,0.1069452092051506,-0.0031327889300882816,0.4186651110649109,0.11423659324645996,-0.0012835758971050382,0.42041805386543274,0.12547971308231354,0.0004089142894372344,0.39581263065338135,0.14886251091957092,-0.009605892933905125,0.41809114813804626,0.13571010529994965,-0.007772752549499273,0.42284098267555237,0.14494921267032623,-0.004791765008121729,0.4204540252685547,0.1520615667104721,-0.003154752077534795,0.4023844599723816,0.16874957084655762,-0.01505578774958849,0.4180132746696472,0.165266215801239,-0.011417658999562263,0.41824114322662354,0.17184782028198242,-0.006982628256082535,0.4136134684085846,0.17705050110816956,-0.003904676530510187,0.0,0.0,0.0,0.0,0.0,0.0,0.0,0.0,0.0,0.0,0.0,0.0,0.0,0.0,0.0,0.0,0.0,0.0,0.0,0.0,0.0,0.0,0.0,0.0,0.0,0.0,0.0,0.0,0.0,0.0,0.0,0.0,0.0,0.0,0.0,0.0,0.0,0.0,0.0,0.0,0.0,0.0,0.0,0.0,0.0,0.0,0.0,0.0,0.0,0.0,0.0,0.0,0.0,0.0,0.0,0.0,0.0,0.0,0.0,0.0,0.0,0.0,0.0
0.49924060702323914,0.2538725435733795,-0.4100438356399536,0.5171590447425842,0.23080755770206451,-0.3926181495189667,0.5256201028823853,0.23249095678329468,-0.3928493857383728,0.5344669818878174,0.2348276972770691,-0.3929527997970581,0.4982481598854065,0.2291649878025055,-0.359164834022522,0.49319079518318176,0.22943101823329926,-0.3591754138469696,0.4887377619743347,0.22949090600013733,-0.35947272181510925,0.5541090369224548,0.26594477891921997,-0.25002777576446533,0.4893611669540405,0.2545844614505768,-0.09516017884016037,0.5135099291801453,0.2964271903038025,-0.36428776383399963,0.48909738659858704,0.28945961594581604,-0.32010170817375183,0.6072925329208374,0.4974918067455292,-0.23904210329055786,0.43719905614852905,0.4467059373855591,0.052500780671834946,0.6313869953155518,0.7783483862876892,-0.30739566683769226,0.3509053885936737,0.47242099046707153,-0.1568075716495514,0.6234530806541443,0.9809024333953857,-0.43404972553253174,0.37250036001205444,0.22297006845474243,-0.5825964212417603,0.6317030191421509,1.067499041557312,-0.4795868694782257,0.3868200480937958,0.16397437453269958,-0.6660140752792358,0.6173786520957947,1.0660016536712646,-0.5158893465995789,0.39522796869277954,0.15757282078266144,-0.6407635807991028,0.6093546152114868,1.031382441520691,-0.4493454694747925,0.3949533998966217,0.17563700675964355,-0.5921843647956848,0.5551207661628723,0.9861325025558472,-0.09265042096376419,0.43752649426460266,0.9721922874450684,0.09321464598178864,0.5353768467903137,1.350462555885315,-0.06505371630191803,0.42030155658721924,1.32815682888031,0.22913360595703125,0.5340055823326111,1.6938462257385254,0.23776313662528992,0.4224180281162262,1.6695367097854614,0.5904554724693298,0.5392957329750061,1.7421014308929443,0.25035250186920166,0.4214552044868469,1.7110697031021118,0.6191650032997131,0.5104669332504272,1.7861207723617554,-0.0525510236620903,0.4271388053894043,1.7751294374465942,0.3275209665298462,0.36458876729011536,0.21728768944740295,-5.536277658535482e-09,0.3653910756111145,0.17837607860565186,0.007563230115920305,0.37327733635902405,0.14941266179084778,0.007579859811812639,0.38508152961730957,0.13710415363311768,0.005367312580347061,0.39703425765037537,0.1357286423444748,0.0033734652679413557,0.3750842213630676,0.12559543550014496,0.001519177807494998,0.39556360244750977,0.10539157688617706,-0.0015332914190366864,0.40445151925086975,0.11599202454090118,-0.002606670605018735,0.4054740369319916,0.12649649381637573,-0.0025632991455495358,0.3834758996963501,0.13334518671035767,-0.0051003070548176765,0.40676602721214294,0.10849811136722565,-0.005539925303310156,0.4138450622558594,0.12278177589178085,-0.004068940877914429,0.4124528169631958,0.13526619970798492,-0.0027809084858745337,0.3913247287273407,0.14812202751636505,-0.011100798845291138,0.4143746495246887,0.1353260576725006,-0.010042206384241581,0.41719314455986023,0.14849716424942017,-0.006861355155706406,0.4125303030014038,0.15602536499500275,-0.005156729370355606,0.398016095161438,0.16799013316631317,-0.016683386638760567,0.41432687640190125,0.16394490003585815,-0.013826113194227219,0.4137382507324219,0.172462597489357,-0.009496720507740974,0.40799611806869507,0.17703646421432495,-0.006582196801900864,0.0,0.0,0.0,0.0,0.0,0.0,0.0,0.0,0.0,0.0,0.0,0.0,0.0,0.0,0.0,0.0,0.0,0.0,0.0,0.0,0.0,0.0,0.0,0.0,0.0,0.0,0.0,0.0,0.0,0.0,0.0,0.0,0.0,0.0,0.0,0.0,0.0,0.0,0.0,0.0,0.0,0.0,0.0,0.0,0.0,0.0,0.0,0.0,0.0,0.0,0.0,0.0,0.0,0.0,0.0,0.0,0.0,0.0,0.0,0.0,0.0,0.0,0.0
0.49896764755249023,0.2535724341869354,-0.4114702641963959,0.5167859792709351,0.23042526841163635,-0.39379584789276123,0.5252853631973267,0.23202669620513916,-0.39402472972869873,0.5341678857803345,0.23436132073402405,-0.3941255807876587,0.4980258345603943,0.22902077436447144,-0.3607579171657562,0.49304360151290894,0.22930851578712463,-0.360770583152771,0.4886673092842102,0.22936445474624634,-0.3610714375972748,0.5540221333503723,0.26578429341316223,-0.25655022263526917,0.48944491147994995,0.2543398141860962,-0.09676435589790344,0.5132172107696533,0.2960023283958435,-0.36633193492889404,0.48889586329460144,0.28909462690353394,-0.32147547602653503,0.6078300476074219,0.49789541959762573,-0.24909713864326477,0.4364072382450104,0.446712851524353,0.054785825312137604,0.6314101815223694,0.7790385484695435,-0.32135647535324097,0.3486667275428772,0.472486674785614,-0.10887841135263443,0.6234703063964844,0.9815782308578491,-0.45331329107284546,0.3683834969997406,0.2228148877620697,-0.4826585352420807,0.6317475438117981,1.0681215524673462,-0.4991160035133362,0.38168591260910034,0.16404886543750763,-0.5573244690895081,0.6173866987228394,1.0661324262619019,-0.5365760922431946,0.390556275844574,0.1577414870262146,-0.5331142544746399,0.6093695759773254,1.0317206382751465,-0.46919313073158264,0.3904586732387543,0.1759462058544159,-0.4911591708660126,0.5550963878631592,0.9872075915336609,-0.09312973916530609,0.4373653829097748,0.9729935526847839,0.09371276944875717,0.535302996635437,1.3524330854415894,-0.06286250799894333,0.4196636974811554,1.3301054239273071,0.228858083486557,0.5337651968002319,1.696384310722351,0.23851953446865082,0.42207977175712585,1.672080636024475,0.5898667573928833,0.5391119122505188,1.7448458671569824,0.25151780247688293,0.42114707827568054,1.71341872215271,0.6181376576423645,0.5102148652076721,1.788440465927124,-0.051404595375061035,0.42678725719451904,1.7785205841064453,0.32622030377388,0.3599940836429596,0.22030913829803467,-3.878763976672417e-08,0.3603745996952057,0.18174037337303162,0.0068382141180336475,0.36838051676750183,0.15231932699680328,0.006667497102171183,0.3801865577697754,0.1402079463005066,0.004406692460179329,0.3918818533420563,0.140059232711792,0.0025711108464747667,0.3698301315307617,0.12587279081344604,0.0021061848383396864,0.3896772563457489,0.10834258049726486,-0.00028046881197951734,0.39703619480133057,0.1215546578168869,-0.001233637216500938,0.39671942591667175,0.1310070902109146,-0.0015703168464824557,0.37843233346939087,0.1329968422651291,-0.004302600864320993,0.40028443932533264,0.11158078908920288,-0.004171486012637615,0.40564075112342834,0.1281144767999649,-0.0025725665036588907,0.40268826484680176,0.13898082077503204,-0.0015982309123501182,0.3865320086479187,0.14751793444156647,-0.01022617518901825,0.40822356939315796,0.134577676653862,-0.009114248678088188,0.41013601422309875,0.1497941017150879,-0.0056975288316607475,0.40465274453163147,0.15702086687088013,-0.004044427070766687,0.3934290111064911,0.16752749681472778,-0.015848875045776367,0.4095623195171356,0.16336123645305634,-0.013461141847074032,0.4083961546421051,0.17353902757167816,-0.00931365042924881,0.4018805921077728,0.17828665673732758,-0.00664405757561326,0.0,0.0,0.0,0.0,0.0,0.0,0.0,0.0,0.0,0.0,0.0,0.0,0.0,0.0,0.0,0.0,0.0,0.0,0.0,0.0,0.0,0.0,0.0,0.0,0.0,0.0,0.0,0.0,0.0,0.0,0.0,0.0,0.0,0.0,0.0,0.0,0.0,0.0,0.0,0.0,0.0,0.0,0.0,0.0,0.0,0.0,0.0,0.0,0.0,0.0,0.0,0.0,0.0,0.0,0.0,0.0,0.0,0.0,0.0,0.0,0.0,0.0,0.0
0.4989166259765625,0.2533804178237915,-0.41168609261512756,0.516673743724823,0.23019511997699738,-0.3939356207847595,0.5252053141593933,0.23176567256450653,-0.3941628634929657,0.5340947508811951,0.2341342270374298,-0.3942621648311615,0.4979720115661621,0.2289477288722992,-0.3608717620372772,0.49301788210868835,0.22925834357738495,-0.36087659001350403,0.4886522889137268,0.22932440042495728,-0.3611704707145691,0.5539863705635071,0.26572462916374207,-0.2583830654621124,0.48960182070732117,0.25419533252716064,-0.09687762707471848,0.5131891369819641,0.29581260681152344,-0.3665540814399719,0.48887303471565247,0.2889768183231354,-0.3218151032924652,0.6082475185394287,0.4980931580066681,-0.2525337040424347,0.4359208941459656,0.4469660818576813,0.06146992743015289,0.6314290761947632,0.7793071269989014,-0.3346002697944641,0.346638947725296,0.47273528575897217,-0.08698949962854385,0.6235511302947998,0.9818143248558044,-0.47574079036712646,0.3650261461734772,0.2224242240190506,-0.44698894023895264,0.6319313049316406,1.0686615705490112,-0.5224053859710693,0.37734290957450867,0.1638849973678589,-0.5186971426010132,0.6174156665802002,1.066475749015808,-0.5592414736747742,0.3864559829235077,0.15784592926502228,-0.49417102336883545,0.6094626188278198,1.032106637954712,-0.4916597902774811,0.38647183775901794,0.17603923380374908,-0.4549332857131958,0.5550565123558044,0.9874539971351624,-0.09466176480054855,0.4371604919433594,0.9733381271362305,0.09526164829730988,0.5351635217666626,1.3536149263381958,-0.06302488595247269,0.4189939796924591,1.330958366394043,0.22930637001991272,0.5333213210105896,1.6982934474945068,0.23640576004981995,0.4212903082370758,1.6732981204986572,0.5888264775276184,0.5387088656425476,1.746935248374939,0.2489832490682602,0.42027685046195984,1.7145949602127075,0.6169659495353699,0.509621798992157,1.790074110031128,-0.05609922856092453,0.42599835991859436,1.7799103260040283,0.32511699199676514,0.3562013804912567,0.21939796209335327,-2.850389080322202e-08,0.3558664917945862,0.1813633143901825,0.006576607935130596,0.3629787564277649,0.152069553732872,0.006390466820448637,0.37467607855796814,0.13969498872756958,0.0042137508280575275,0.386410117149353,0.1397666037082672,0.00247184163890779,0.36432647705078125,0.12632769346237183,0.0016561753582209349,0.38438674807548523,0.10880570113658905,-0.0007291369256563485,0.39145582914352417,0.12163127958774567,-0.0015289365546777844,0.39098113775253296,0.13123025000095367,-0.0017405792605131865,0.3729530870914459,0.1334557682275772,-0.004476838745176792,0.3949867784976959,0.11181338131427765,-0.00458761490881443,0.40008360147476196,0.12777003645896912,-0.0030571576207876205,0.39702489972114563,0.1391850709915161,-0.0020125985611230135,0.3811842203140259,0.14768172800540924,-0.010112728923559189,0.4027664065361023,0.13535460829734802,-0.008826023899018764,0.40439513325691223,0.14991430938243866,-0.005496467929333448,0.39901813864707947,0.15712976455688477,-0.0039267693646252155,0.38844701647758484,0.16717515885829926,-0.015492181293666363,0.40438270568847656,0.1644020974636078,-0.012789868749678135,0.4029739499092102,0.1741412729024887,-0.008838178589940071,0.3967364430427551,0.17846721410751343,-0.006370502524077892,0.0,0.0,0.0,0.0,0.0,0.0,0.0,0.0,0.0,0.0,0.0,0.0,0.0,0.0,0.0,0.0,0.0,0.0,0.0,0.0,0.0,0.0,0.0,0.0,0.0,0.0,0.0,0.0,0.0,0.0,0.0,0.0,0.0,0.0,0.0,0.0,0.0,0.0,0.0,0.0,0.0,0.0,0.0,0.0,0.0,0.0,0.0,0.0,0.0,0.0,0.0,0.0,0.0,0.0,0.0,0.0,0.0,0.0,0.0,0.0,0.0,0.0,0.0
0.4988967776298523,0.25305983424186707,-0.40357306599617004,0.516613245010376,0.22988851368427277,-0.3879353106021881,0.5251767039299011,0.23146724700927734,-0.38816842436790466,0.5340694189071655,0.23390167951583862,-0.3882656693458557,0.49795836210250854,0.22876344621181488,-0.3532774746417999,0.4930117428302765,0.2290778011083603,-0.35327333211898804,0.4886486232280731,0.22912472486495972,-0.3535703122615814,0.5539754629135132,0.26564550399780273,-0.2546415627002716,0.48983681201934814,0.25381141901016235,-0.0933242067694664,0.5130956172943115,0.295456200838089,-0.3613673746585846,0.48887020349502563,0.28860223293304443,-0.31543272733688354,0.6085919737815857,0.4981458783149719,-0.24519872665405273,0.43501797318458557,0.4469822645187378,0.06303295493125916,0.6314635872840881,0.7793235778808594,-0.31379252672195435,0.3434845507144928,0.4731403887271881,-0.0903225690126419,0.6235799789428711,0.9820096492767334,-0.4491978883743286,0.3603861629962921,0.22250212728977203,-0.44472867250442505,0.6320115923881531,1.0689599514007568,-0.5053938031196594,0.3720143139362335,0.16409772634506226,-0.515449583530426,0.6175549030303955,1.067013144493103,-0.540601372718811,0.38175535202026367,0.1580812633037567,-0.4888409376144409,0.6095281839370728,1.0327470302581787,-0.46533873677253723,0.38182908296585083,0.1762779951095581,-0.4519120454788208,0.5550525784492493,0.9876716732978821,-0.09383388608694077,0.4369457960128784,0.9735242128372192,0.09442906081676483,0.5351630449295044,1.3541553020477295,-0.06355425715446472,0.41866791248321533,1.3311786651611328,0.21936732530593872,0.5332161784172058,1.699000358581543,0.23341602087020874,0.4208524525165558,1.6739449501037598,0.5639690160751343,0.5385904908180237,1.7474044561386108,0.24582399427890778,0.41974076628685,1.7151695489883423,0.5901680588722229,0.5095521211624146,1.7910654544830322,-0.05763676390051842,0.42579153180122375,1.780677080154419,0.2998008131980896,0.35252851247787476,0.22042477130889893,-1.468973476193014e-08,0.3515207767486572,0.18251599371433258,0.006566871423274279,0.3580012917518616,0.15370024740695953,0.006244315300136805,0.3697018325328827,0.14127150177955627,0.003909710329025984,0.3811897039413452,0.1413278877735138,0.0018975832499563694,0.3587716519832611,0.128539577126503,0.0013767285272479057,0.37916699051856995,0.1116161122918129,-0.0009388180333189666,0.3870006501674652,0.12271524220705032,-0.0017538684187456965,0.3875688910484314,0.13162171840667725,-0.0020226354245096445,0.36738917231559753,0.13487578928470612,-0.004710841923952103,0.3891785442829132,0.11271104961633682,-0.004691231995820999,0.3950034976005554,0.12774768471717834,-0.0030027974862605333,0.39276862144470215,0.13943499326705933,-0.0018583720084279776,0.3757742941379547,0.14847920835018158,-0.010267777368426323,0.3968108594417572,0.13505353033542633,-0.009015060029923916,0.3990655839443207,0.14952556788921356,-0.005622643046081066,0.3942565619945526,0.15770316123962402,-0.0039256117306649685,0.383376806974411,0.1674814224243164,-0.015549625270068645,0.3990391790866852,0.16322365403175354,-0.012883435003459454,0.3982115387916565,0.17297813296318054,-0.008839467540383339,0.3924715220928192,0.17821042239665985,-0.0062325927428901196,0.0,0.0,0.0,0.0,0.0,0.0,0.0,0.0,0.0,0.0,0.0,0.0,0.0,0.0,0.0,0.0,0.0,0.0,0.0,0.0,0.0,0.0,0.0,0.0,0.0,0.0,0.0,0.0,0.0,0.0,0.0,0.0,0.0,0.0,0.0,0.0,0.0,0.0,0.0,0.0,0.0,0.0,0.0,0.0,0.0,0.0,0.0,0.0,0.0,0.0,0.0,0.0,0.0,0.0,0.0,0.0,0.0,0.0,0.0,0.0,0.0,0.0,0.0
0.4988034665584564,0.25286805629730225,-0.39270108938217163,0.5164819955825806,0.22966288030147552,-0.3775731921195984,0.5250685214996338,0.23123176395893097,-0.37779682874679565,0.5339733362197876,0.23370851576328278,-0.3778976798057556,0.4979146122932434,0.22866787016391754,-0.34333503246307373,0.4929986298084259,0.22898276150226593,-0.34332969784736633,0.4886407256126404,0.22902017831802368,-0.34363606572151184,0.5539605021476746,0.2655829191207886,-0.25154438614845276,0.49004146456718445,0.2536138892173767,-0.0872822105884552,0.512937605381012,0.29519009590148926,-0.3507557213306427,0.4888675808906555,0.2884008586406708,-0.3058359920978546,0.6090068817138672,0.49816516041755676,-0.24496109783649445,0.43434545397758484,0.44699159264564514,0.06058530509471893,0.6314936876296997,0.7792505621910095,-0.30557483434677124,0.3403514325618744,0.47349536418914795,-0.1247183158993721,0.6236045956611633,0.9819526076316833,-0.41353142261505127,0.3558864891529083,0.22255998849868774,-0.516083836555481,0.6320253014564514,1.0688949823379517,-0.4539291560649872,0.3672159016132355,0.16421087086200714,-0.5939621329307556,0.61758953332901,1.0670053958892822,-0.4890955984592438,0.37768232822418213,0.15822309255599976,-0.5674488544464111,0.6095365881919861,1.0328247547149658,-0.4281158149242401,0.3776244521141052,0.17639610171318054,-0.5242971181869507,0.5550507307052612,0.9877901673316956,-0.0929533988237381,0.4366161525249481,0.9735468029975891,0.09356608241796494,0.5351694822311401,1.3542742729187012,-0.06312022358179092,0.4184156656265259,1.3311623334884644,0.20826129615306854,0.5331705212593079,1.698914647102356,0.23323659598827362,0.4204109311103821,1.6739212274551392,0.5468250513076782,0.5385361909866333,1.7471812963485718,0.24571804702281952,0.4192032217979431,1.7151579856872559,0.5726740956306458,0.5095397233963013,1.7913354635238647,-0.0569850355386734,0.4257405698299408,1.7807546854019165,0.28213661909103394,0.34788215160369873,0.2222672551870346,2.3974148888328273e-08,0.3472639322280884,0.18400044739246368,0.0069479793310165405,0.3546472191810608,0.15540513396263123,0.006623474415391684,0.3667813837528229,0.1434159129858017,0.004126398358494043,0.37852340936660767,0.14275968074798584,0.0018133471021428704,0.3545628786087036,0.1317581981420517,0.001791275222785771,0.375215083360672,0.11349223554134369,-0.0013755017425864935,0.3861953616142273,0.12160956114530563,-0.002759374910965562,0.3896946310997009,0.13141153752803802,-0.003038448514416814,0.3624733090400696,0.1377274990081787,-0.0044662621803581715,0.3853427767753601,0.11329884827136993,-0.004915261175483465,0.394067645072937,0.12699399888515472,-0.0033842872362583876,0.39464864134788513,0.13921180367469788,-0.0020404907409101725,0.37067699432373047,0.15058749914169312,-0.010250222869217396,0.39379653334617615,0.13665671646595,-0.009489805437624454,0.398223876953125,0.14974242448806763,-0.006472680252045393,0.3949151039123535,0.1581171452999115,-0.004733467474579811,0.3783195912837982,0.16885405778884888,-0.0157160721719265,0.39484208822250366,0.165432408452034,-0.013142906129360199,0.39503368735313416,0.1741485595703125,-0.009223554283380508,0.3898383378982544,0.17918676137924194,-0.006553056184202433,0.0,0.0,0.0,0.0,0.0,0.0,0.0,0.0,0.0,0.0,0.0,0.0,0.0,0.0,0.0,0.0,0.0,0.0,0.0,0.0,0.0,0.0,0.0,0.0,0.0,0.0,0.0,0.0,0.0,0.0,0.0,0.0,0.0,0.0,0.0,0.0,0.0,0.0,0.0,0.0,0.0,0.0,0.0,0.0,0.0,0.0,0.0,0.0,0.0,0.0,0.0,0.0,0.0,0.0,0.0,0.0,0.0,0.0,0.0,0.0,0.0,0.0,0.0
0.4987931251525879,0.2528180181980133,-0.38416990637779236,0.5164834260940552,0.2296302169561386,-0.36704063415527344,0.5250722169876099,0.23121242225170135,-0.3672504723072052,0.5339856743812561,0.23370198905467987,-0.3673417270183563,0.4978802502155304,0.22864815592765808,-0.3356735408306122,0.49296221137046814,0.2289576381444931,-0.33565977215766907,0.4886152148246765,0.22898678481578827,-0.3359829783439636,0.5539460778236389,0.2655702531337738,-0.23293863236904144,0.49003535509109497,0.25356408953666687,-0.08266746252775192,0.5129472613334656,0.29511287808418274,-0.3392607271671295,0.48882874846458435,0.288330614566803,-0.2983432412147522,0.6093097925186157,0.4981812536716461,-0.21432575583457947,0.4331744611263275,0.44689130783081055,0.058297812938690186,0.63150554895401,0.7789486050605774,-0.25404754281044006,0.337072491645813,0.47505849599838257,-0.20330704748630524,0.6236271262168884,0.9820555448532104,-0.3446459174156189,0.3519010543823242,0.22469773888587952,-0.6829217076301575,0.6320521831512451,1.068863868713379,-0.37827593088150024,0.36236095428466797,0.16550582647323608,-0.7737328410148621,0.6176294684410095,1.0672918558120728,-0.41222649812698364,0.3738008737564087,0.15937671065330505,-0.7448183298110962,0.6095510721206665,1.0335743427276611,-0.35837268829345703,0.3739902377128601,0.1772252470254898,-0.6925384402275085,0.5550468564033508,0.9885106682777405,-0.0874938815832138,0.43622928857803345,0.9737849235534668,0.0881686732172966,0.5352838635444641,1.3541748523712158,-0.06315875798463821,0.41821590065956116,1.3309533596038818,0.20499710738658905,0.5333414077758789,1.6987543106079102,0.21785268187522888,0.42026928067207336,1.6738640069961548,0.5310465097427368,0.538698136806488,1.7469489574432373,0.22844277322292328,0.4189935028553009,1.7151432037353516,0.5560417771339417,0.5097427368164062,1.791258692741394,-0.073789082467556,0.42581138014793396,1.7807105779647827,0.2672865688800812,0.3436843156814575,0.22403201460838318,7.020033621074617e-08,0.3441685438156128,0.18603239953517914,0.00829440075904131,0.3522789478302002,0.15897709131240845,0.009033086709678173,0.36357393860816956,0.14888261258602142,0.007561779115349054,0.3751242756843567,0.14783169329166412,0.0060369884595274925,0.3504076600074768,0.13749130070209503,0.0019393445691093802,0.3695741891860962,0.11295117437839508,-0.0005140292923897505,0.3815651834011078,0.11525949835777283,-0.0010902952635660768,0.3877033591270447,0.1237466111779213,-0.0005748746916651726,0.3587464392185211,0.14340245723724365,-0.004422323312610388,0.37835267186164856,0.11214914917945862,-0.00464889919385314,0.3901134431362152,0.11617355048656464,-0.0036374807823449373,0.3952297568321228,0.1274641454219818,-0.0023570938501507044,0.36698082089424133,0.1561850607395172,-0.009980169124901295,0.38695213198661804,0.13793787360191345,-0.00884106382727623,0.3958394527435303,0.14523980021476746,-0.006773120723664761,0.39794647693634033,0.15423525869846344,-0.0054406593553721905,0.3746453523635864,0.17357328534126282,-0.014994553290307522,0.3883548974990845,0.16908696293830872,-0.011988633312284946,0.39166978001594543,0.17517820000648499,-0.008320439606904984,0.3906835615634918,0.18227173388004303,-0.005545174237340689,0.0,0.0,0.0,0.0,0.0,0.0,0.0,0.0,0.0,0.0,0.0,0.0,0.0,0.0,0.0,0.0,0.0,0.0,0.0,0.0,0.0,0.0,0.0,0.0,0.0,0.0,0.0,0.0,0.0,0.0,0.0,0.0,0.0,0.0,0.0,0.0,0.0,0.0,0.0,0.0,0.0,0.0,0.0,0.0,0.0,0.0,0.0,0.0,0.0,0.0,0.0,0.0,0.0,0.0,0.0,0.0,0.0,0.0,0.0,0.0,0.0,0.0,0.0
0.49875661730766296,0.2528149485588074,-0.3833160698413849,0.5164625644683838,0.2296169102191925,-0.36563628911972046,0.5250691771507263,0.2312065064907074,-0.36585551500320435,0.5339853763580322,0.2336973398923874,-0.3659408390522003,0.49779748916625977,0.22863589227199554,-0.334347128868103,0.49288952350616455,0.22893474996089935,-0.33431217074394226,0.4885673522949219,0.22895292937755585,-0.33463066816329956,0.5539403557777405,0.26556816697120667,-0.2282952517271042,0.49003055691719055,0.25354450941085815,-0.07920654863119125,0.512945830821991,0.2951069474220276,-0.3375779986381531,0.4887874722480774,0.2883494198322296,-0.29676321148872375,0.6095752716064453,0.49830710887908936,-0.210176020860672,0.4327211380004883,0.4468977153301239,0.056787922978401184,0.6315077543258667,0.7789745926856995,-0.2557302415370941,0.333906352519989,0.4769926965236664,-0.20166252553462982,0.6235994696617126,0.9822879433631897,-0.3558727502822876,0.3499455153942108,0.22695544362068176,-0.6738022565841675,0.6320465803146362,1.0689337253570557,-0.3917369544506073,0.3588978052139282,0.16666527092456818,-0.7615944743156433,0.6175233125686646,1.0676573514938354,-0.425387442111969,0.3705725073814392,0.1605105847120285,-0.7330709099769592,0.6095260977745056,1.0343613624572754,-0.3696446418762207,0.37147292494773865,0.1781497299671173,-0.6829695105552673,0.5550262331962585,0.989241898059845,-0.08635763078927994,0.43600162863731384,0.974347710609436,0.08706053346395493,0.5353802442550659,1.3544278144836426,-0.06324487179517746,0.41811928153038025,1.331010103225708,0.2085687220096588,0.5333465337753296,1.6990280151367188,0.20923897624015808,0.4200975000858307,1.6739602088928223,0.5412799715995789,0.5386996865272522,1.7473382949829102,0.21894778311252594,0.41875237226486206,1.7153475284576416,0.567120373249054,0.5097488164901733,1.7915135622024536,-0.08558164536952972,0.4258260428905487,1.7808821201324463,0.2774079144001007,0.3402409255504608,0.22780099511146545,7.900141696381979e-08,0.34073305130004883,0.19084610044956207,0.0074378796853125095,0.3480847477912903,0.16367579996585846,0.0077420370653271675,0.3593534231185913,0.15228921175003052,0.006196082103997469,0.3711611330509186,0.1503468006849289,0.0045907143503427505,0.34581121802330017,0.1419103890657425,1.86209781531943e-05,0.3648568093776703,0.11651122570037842,-0.002289816038683057,0.3770245313644409,0.11696461588144302,-0.0027598056476563215,0.3843824863433838,0.12307116389274597,-0.0024247895926237106,0.3542499840259552,0.14801174402236938,-0.005819940473884344,0.3738458454608917,0.11526969820261002,-0.006346441805362701,0.385764479637146,0.1171862855553627,-0.005538542754948139,0.3918420374393463,0.12633013725280762,-0.004571481607854366,0.3626944124698639,0.16050127148628235,-0.010733514092862606,0.38209304213523865,0.1405920684337616,-0.010043920949101448,0.39161357283592224,0.14620693027973175,-0.008414148353040218,0.3948497176170349,0.1544988602399826,-0.007528720889240503,0.37050390243530273,0.17728477716445923,-0.015109546482563019,0.38397157192230225,0.17208826541900635,-0.012594478204846382,0.3880179524421692,0.17763695120811462,-0.00931367464363575,0.3882421851158142,0.1844692826271057,-0.006930246949195862,0.0,0.0,0.0,0.0,0.0,0.0,0.0,0.0,0.0,0.0,0.0,0.0,0.0,0.0,0.0,0.0,0.0,0.0,0.0,0.0,0.0,0.0,0.0,0.0,0.0,0.0,0.0,0.0,0.0,0.0,0.0,0.0,0.0,0.0,0.0,0.0,0.0,0.0,0.0,0.0,0.0,0.0,0.0,0.0,0.0,0.0,0.0,0.0,0.0,0.0,0.0,0.0,0.0,0.0,0.0,0.0,0.0,0.0,0.0,0.0,0.0,0.0,0.0
0.49877041578292847,0.25278663635253906,-0.3820476531982422,0.5164808034896851,0.22959889471530914,-0.36453208327293396,0.5251089930534363,0.2312004715204239,-0.3647429347038269,0.5340366959571838,0.23369546234607697,-0.3648223578929901,0.49778902530670166,0.22857847809791565,-0.3325490355491638,0.4928760230541229,0.22884602844715118,-0.332537442445755,0.48856121301651,0.22882196307182312,-0.3328605890274048,0.5539754629135132,0.2655654847621918,-0.22725041210651398,0.4900226891040802,0.2535010874271393,-0.07650062441825867,0.5129717588424683,0.2950887978076935,-0.3364647626876831,0.48878222703933716,0.28832870721817017,-0.2949232757091522,0.6097859740257263,0.4983929693698883,-0.20992927253246307,0.4324105679988861,0.44689854979515076,0.05766212195158005,0.6315518021583557,0.7793108820915222,-0.25789785385131836,0.33154019713401794,0.48036596179008484,-0.20368725061416626,0.6235558986663818,0.9832193851470947,-0.3597489595413208,0.34828197956085205,0.22955283522605896,-0.6833150386810303,0.6319884657859802,1.0693387985229492,-0.3962881863117218,0.3565804362297058,0.1684436798095703,-0.7722370624542236,0.6175015568733215,1.068730354309082,-0.4297850728034973,0.3686921298503876,0.16242048144340515,-0.7443138957023621,0.6094896197319031,1.035889744758606,-0.37350618839263916,0.36998552083969116,0.17956900596618652,-0.6930807828903198,0.5550263524055481,0.9898486137390137,-0.08605965971946716,0.435890793800354,0.9752441644668579,0.08676446974277496,0.5354525446891785,1.354397177696228,-0.070916548371315,0.4181087911128998,1.331002950668335,0.20297516882419586,0.5333470702171326,1.6989986896514893,0.195041224360466,0.41976267099380493,1.6739786863327026,0.5192299485206604,0.5387092232704163,1.7472319602966309,0.2042885571718216,0.41833773255348206,1.7154260873794556,0.5433715581893921,0.5094414353370667,1.7915650606155396,-0.09810436517000198,0.4254904091358185,1.7808477878570557,0.2569166123867035,0.3370480537414551,0.23404191434383392,7.647230404472793e-08,0.33697840571403503,0.19702240824699402,0.008083525113761425,0.34436145424842834,0.1699901521205902,0.008844169788062572,0.35558468103408813,0.15839877724647522,0.007718264125287533,0.36686405539512634,0.15632376074790955,0.006426349747925997,0.34229832887649536,0.14743682742118835,0.0008107863832265139,0.36053693294525146,0.12078358232975006,-0.0007401410839520395,0.3721555471420288,0.11957018077373505,-0.0008408681023865938,0.37973111867904663,0.12339898943901062,-0.0003879719297401607,0.3508772850036621,0.15430761873722076,-0.005086601711809635,0.36932939291000366,0.12099611759185791,-0.005068021360784769,0.38130277395248413,0.1195412278175354,-0.004265346564352512,0.38839292526245117,0.1255626380443573,-0.003518941579386592,0.3592444062232971,0.16749049723148346,-0.009969564154744148,0.3773365318775177,0.1453489065170288,-0.009041433222591877,0.38741573691368103,0.14865045249462128,-0.007683801464736462,0.391887903213501,0.15619701147079468,-0.007067310623824596,0.36711713671684265,0.18479862809181213,-0.014212324284017086,0.3799279034137726,0.17583481967449188,-0.01157551258802414,0.38480904698371887,0.17995581030845642,-0.008376991376280785,0.386439710855484,0.18641448020935059,-0.006140712648630142,0.0,0.0,0.0,0.0,0.0,0.0,0.0,0.0,0.0,0.0,0.0,0.0,0.0,0.0,0.0,0.0,0.0,0.0,0.0,0.0,0.0,0.0,0.0,0.0,0.0,0.0,0.0,0.0,0.0,0.0,0.0,0.0,0.0,0.0,0.0,0.0,0.0,0.0,0.0,0.0,0.0,0.0,0.0,0.0,0.0,0.0,0.0,0.0,0.0,0.0,0.0,0.0,0.0,0.0,0.0,0.0,0.0,0.0,0.0,0.0,0.0,0.0,0.0
0.4987821578979492,0.2527828812599182,-0.3825075924396515,0.516511857509613,0.22958949208259583,-0.36466172337532043,0.52516770362854,0.23120065033435822,-0.36486488580703735,0.5341041684150696,0.23371580243110657,-0.36493876576423645,0.49778851866722107,0.22856839001178741,-0.3329172134399414,0.4928688704967499,0.22882361710071564,-0.3329041302204132,0.48856058716773987,0.22878125309944153,-0.3332280218601227,0.5540229082107544,0.26557570695877075,-0.22596167027950287,0.4900394082069397,0.2534773647785187,-0.07655277848243713,0.51298588514328,0.29509055614471436,-0.33651983737945557,0.488787978887558,0.2883739471435547,-0.29533571004867554,0.6099889278411865,0.49850672483444214,-0.2051442414522171,0.4320625066757202,0.4469020366668701,0.056645479053258896,0.6315754055976868,0.7796991467475891,-0.24862027168273926,0.32853275537490845,0.48409536480903625,-0.20527291297912598,0.6235421299934387,0.984756350517273,-0.3488996922969818,0.3453103005886078,0.2347424030303955,-0.6829507946968079,0.632000207901001,1.0703771114349365,-0.38437455892562866,0.3537972867488861,0.17238254845142365,-0.7722772359848022,0.6175095438957214,1.0703762769699097,-0.41810399293899536,0.3662589192390442,0.16661369800567627,-0.7433035969734192,0.6094943284988403,1.037926435470581,-0.36283010244369507,0.36737820506095886,0.18345949053764343,-0.6921330690383911,0.5550491213798523,0.9901756048202515,-0.0839041993021965,0.4357941448688507,0.9758395552635193,0.0846155509352684,0.5357579588890076,1.3543076515197754,-0.07064563781023026,0.41812068223953247,1.330870509147644,0.1941167265176773,0.5334130525588989,1.698973536491394,0.19928985834121704,0.41963496804237366,1.6739076375961304,0.5085409283638,0.5387609004974365,1.7470518350601196,0.2089967280626297,0.4180876910686493,1.7153596878051758,0.532629668712616,0.5094441175460815,1.791528344154358,-0.09417691081762314,0.4255068004131317,1.7805196046829224,0.2432510405778885,0.3346593379974365,0.24152642488479614,7.434701387865061e-08,0.33454787731170654,0.2039232850074768,0.008374028839170933,0.3420272767543793,0.17669731378555298,0.009385853074491024,0.3536599278450012,0.16624470055103302,0.008463891223073006,0.36507532000541687,0.1650414615869522,0.007478799670934677,0.3393086791038513,0.1540530025959015,0.001419122563675046,0.35704758763313293,0.125401109457016,0.00023877169587649405,0.36803150177001953,0.12559765577316284,0.0005947545869275928,0.37461137771606445,0.13059042394161224,0.0014516878873109818,0.3482975661754608,0.16083094477653503,-0.004531800746917725,0.36627674102783203,0.12642087042331696,-0.004299202933907509,0.3782799541950226,0.12451596558094025,-0.00331548391841352,0.3851855397224426,0.1300487220287323,-0.002323388820514083,0.35685113072395325,0.17378318309783936,-0.00947563722729683,0.3746449947357178,0.15136650204658508,-0.008219963870942593,0.38453876972198486,0.154027059674263,-0.006738742813467979,0.3885861337184906,0.16070355474948883,-0.005967183504253626,0.36482229828834534,0.1908368468284607,-0.013751608319580555,0.3773408830165863,0.1812378466129303,-0.010609450750052929,0.38179805874824524,0.18495912849903107,-0.007048286031931639,0.3828863501548767,0.19103746116161346,-0.004530592821538448,0.0,0.0,0.0,0.0,0.0,0.0,0.0,0.0,0.0,0.0,0.0,0.0,0.0,0.0,0.0,0.0,0.0,0.0,0.0,0.0,0.0,0.0,0.0,0.0,0.0,0.0,0.0,0.0,0.0,0.0,0.0,0.0,0.0,0.0,0.0,0.0,0.0,0.0,0.0,0.0,0.0,0.0,0.0,0.0,0.0,0.0,0.0,0.0,0.0,0.0,0.0,0.0,0.0,0.0,0.0,0.0,0.0,0.0,0.0,0.0,0.0,0.0,0.0
0.49878066778182983,0.2526629865169525,-0.3754126727581024,0.5165072083473206,0.22947129607200623,-0.35751837491989136,0.5251702666282654,0.23111872375011444,-0.3576982617378235,0.5341060161590576,0.23366616666316986,-0.3577646315097809,0.4977729618549347,0.22840125858783722,-0.32582589983940125,0.49286067485809326,0.22861617803573608,-0.32580405473709106,0.4885537326335907,0.22851978242397308,-0.3261323571205139,0.5540406107902527,0.26554805040359497,-0.21976213157176971,0.4900594651699066,0.2533584237098694,-0.07111086696386337,0.5129522085189819,0.29501616954803467,-0.3301408588886261,0.48879292607307434,0.2883438766002655,-0.28910544514656067,0.6101524829864502,0.4985235631465912,-0.19510658085346222,0.43177032470703125,0.44693708419799805,0.056662265211343765,0.6317613124847412,0.7804766297340393,-0.23322424292564392,0.3261588215827942,0.4876556396484375,-0.20788690447807312,0.623538613319397,0.9866728782653809,-0.32518479228019714,0.3433467745780945,0.24194522202014923,-0.6858645677566528,0.6320297122001648,1.0718493461608887,-0.3579918444156647,0.3516314923763275,0.18028153479099274,-0.7762563228607178,0.6175135970115662,1.0722777843475342,-0.39200079441070557,0.36429518461227417,0.17331963777542114,-0.7457738518714905,0.6094657182693481,1.0403426885604858,-0.3392072319984436,0.36545413732528687,0.19049778580665588,-0.69464111328125,0.5550550222396851,0.9906836748123169,-0.0806623250246048,0.43561282753944397,0.9764241576194763,0.08139793574810028,0.5358937382698059,1.3542828559875488,-0.0733947902917862,0.4178990125656128,1.330622673034668,0.17447756230831146,0.5334059000015259,1.6989063024520874,0.19438780844211578,0.4185326397418976,1.6737382411956787,0.4749610126018524,0.5387420058250427,1.7469619512557983,0.20378273725509644,0.4165576100349426,1.7152248620986938,0.49754539132118225,0.5093203186988831,1.7915273904800415,-0.09991846233606339,0.4252670705318451,1.7800524234771729,0.2064395397901535,0.33349791169166565,0.2503308951854706,7.385750677713077e-08,0.33392125368118286,0.21266035735607147,0.008189143612980843,0.34204623103141785,0.18564961850643158,0.008817615918815136,0.3544062077999115,0.1748962700366974,0.007573870476335287,0.3664126694202423,0.17335207760334015,0.0063201673328876495,0.33809027075767517,0.16246093809604645,0.0003509135276544839,0.3561670482158661,0.13356894254684448,-0.001386623247526586,0.3675132393836975,0.13384781777858734,-0.0012786798179149628,0.37429478764533997,0.13955147564411163,-0.0005697978776879609,0.34659501910209656,0.1700352281332016,-0.0056684380397200584,0.36470767855644226,0.1342182755470276,-0.006107090041041374,0.37681445479393005,0.13275861740112305,-0.005366066005080938,0.38395100831985474,0.13889452815055847,-0.004510938189923763,0.3552265763282776,0.18372508883476257,-0.010664036497473717,0.37357982993125916,0.16085533797740936,-0.00979847926646471,0.3834444284439087,0.16302117705345154,-0.008309722878038883,0.3875720500946045,0.16859178245067596,-0.007536401506513357,0.3634210228919983,0.20111510157585144,-0.014979684725403786,0.37625646591186523,0.1915508508682251,-0.011901375837624073,0.38123705983161926,0.19382549822330475,-0.008428682573139668,0.3829945921897888,0.1979472041130066,-0.006039706990122795,0.0,0.0,0.0,0.0,0.0,0.0,0.0,0.0,0.0,0.0,0.0,0.0,0.0,0.0,0.0,0.0,0.0,0.0,0.0,0.0,0.0,0.0,0.0,0.0,0.0,0.0,0.0,0.0,0.0,0.0,0.0,0.0,0.0,0.0,0.0,0.0,0.0,0.0,0.0,0.0,0.0,0.0,0.0,0.0,0.0,0.0,0.0,0.0,0.0,0.0,0.0,0.0,0.0,0.0,0.0,0.0,0.0,0.0,0.0,0.0,0.0,0.0,0.0
0.49878787994384766,0.2524349093437195,-0.3653220534324646,0.5165224075317383,0.22933386266231537,-0.3473314940929413,0.5252113342285156,0.23103472590446472,-0.3474884331226349,0.5341664552688599,0.23361974954605103,-0.3475481867790222,0.49776390194892883,0.2281527817249298,-0.3148536682128906,0.492854505777359,0.22832995653152466,-0.3148447573184967,0.4885477125644684,0.22816672921180725,-0.31518715620040894,0.5540816783905029,0.2655312418937683,-0.2113841474056244,0.49006226658821106,0.25312870740890503,-0.05959222838282585,0.5129609704017639,0.2949157655239105,-0.32118940353393555,0.488797128200531,0.28826507925987244,-0.2791374623775482,0.6102626919746399,0.49854204058647156,-0.18507692217826843,0.4315541982650757,0.44694164395332336,0.06061181798577309,0.6321168541908264,0.7829074859619141,-0.21967609226703644,0.3245435357093811,0.4923695921897888,-0.21213985979557037,0.6235309839248657,0.9888964891433716,-0.3067243993282318,0.3431394696235657,0.24638400971889496,-0.7006544470787048,0.63204425573349,1.0730934143066406,-0.33827701210975647,0.3514959514141083,0.18872347474098206,-0.7938846945762634,0.6174545288085938,1.0733377933502197,-0.3722616136074066,0.36367499828338623,0.18027684092521667,-0.7624746561050415,0.6094501614570618,1.0417665243148804,-0.32078513503074646,0.36467304825782776,0.19759438931941986,-0.7097424864768982,0.5551090240478516,0.9906602501869202,-0.07882941514253616,0.43556708097457886,0.9764277935028076,0.07956817001104355,0.535809338092804,1.3540711402893066,-0.07535501569509506,0.4169106185436249,1.329927921295166,0.16566675901412964,0.5325261354446411,1.6988478899002075,0.18131932616233826,0.4157771170139313,1.6734997034072876,0.4513413608074188,0.537764847278595,1.7468643188476562,0.1892334371805191,0.4133136570453644,1.7150880098342896,0.4724216163158417,0.5076534748077393,1.7915459871292114,-0.1145823523402214,0.42290791869163513,1.779220700263977,0.18212459981441498,0.33237138390541077,0.26383328437805176,6.961756326973045e-08,0.3328167498111725,0.22681871056556702,0.007088641170412302,0.34019455313682556,0.19859151542186737,0.006749603897333145,0.352195680141449,0.1862979382276535,0.004338447470217943,0.36364609003067017,0.18325655162334442,0.0019025562796741724,0.3378659188747406,0.17502185702323914,-0.001146137248724699,0.3559283912181854,0.14564834535121918,-0.005245483014732599,0.3684835731983185,0.1459255963563919,-0.0068189967423677444,0.376108855009079,0.15270377695560455,-0.006834675557911396,0.3457566797733307,0.18288254737854004,-0.00740585895255208,0.3655737042427063,0.14844000339508057,-0.009298855438828468,0.3779855966567993,0.14971290528774261,-0.008721321821212769,0.3845309019088745,0.15808048844337463,-0.007656868081539869,0.3539343476295471,0.19664187729358673,-0.01288462895900011,0.3755275309085846,0.17388802766799927,-0.013031838461756706,0.38393041491508484,0.18054424226284027,-0.010112086310982704,0.3856719136238098,0.18926681578159332,-0.007917908020317554,0.3616577982902527,0.2142510712146759,-0.017960363999009132,0.37695103883743286,0.2039664089679718,-0.01551765389740467,0.380400151014328,0.20746102929115295,-0.011150520294904709,0.3797091245651245,0.21231356263160706,-0.007715251762419939,0.0,0.0,0.0,0.0,0.0,0.0,0.0,0.0,0.0,0.0,0.0,0.0,0.0,0.0,0.0,0.0,0.0,0.0,0.0,0.0,0.0,0.0,0.0,0.0,0.0,0.0,0.0,0.0,0.0,0.0,0.0,0.0,0.0,0.0,0.0,0.0,0.0,0.0,0.0,0.0,0.0,0.0,0.0,0.0,0.0,0.0,0.0,0.0,0.0,0.0,0.0,0.0,0.0,0.0,0.0,0.0,0.0,0.0,0.0,0.0,0.0,0.0,0.0
0.49872127175331116,0.25204989314079285,-0.3599787950515747,0.5164566040039062,0.22893410921096802,-0.342533677816391,0.5251737236976624,0.23073939979076385,-0.34265029430389404,0.534151017665863,0.23341020941734314,-0.342688649892807,0.49758046865463257,0.22754935920238495,-0.3092876076698303,0.49274975061416626,0.2276575267314911,-0.30924615263938904,0.4884764850139618,0.22745268046855927,-0.3095853924751282,0.5540786981582642,0.26542770862579346,-0.20850810408592224,0.4900294840335846,0.25283995270729065,-0.05287856608629227,0.5129520297050476,0.2946698069572449,-0.31712934374809265,0.48879605531692505,0.2881205379962921,-0.2738476097583771,0.6102695465087891,0.49855515360832214,-0.17437870800495148,0.4313485026359558,0.44696715474128723,0.05975107476115227,0.6326945424079895,0.7860265374183655,-0.19483736157417297,0.32345372438430786,0.5046091675758362,-0.22252961993217468,0.6228049397468567,0.9913959503173828,-0.27003851532936096,0.3417195975780487,0.26567986607551575,-0.7231898903846741,0.6307222843170166,1.0761232376098633,-0.2990705668926239,0.35017457604408264,0.21039776504039764,-0.820514976978302,0.6158491969108582,1.0756213665008545,-0.33323487639427185,0.36275795102119446,0.19853752851486206,-0.7880276441574097,0.6081148982048035,1.045380711555481,-0.28417783975601196,0.36393219232559204,0.21611133217811584,-0.7323151230812073,0.5550962686538696,0.9892747402191162,-0.07246383279561996,0.4352918863296509,0.9750608205795288,0.07328751683235168,0.5358151793479919,1.3523788452148438,-0.07494907826185226,0.41653475165367126,1.327109694480896,0.1497776210308075,0.5321648716926575,1.6974800825119019,0.1868254393339157,0.4144733250141144,1.6723933219909668,0.42538660764694214,0.5373269319534302,1.7449628114700317,0.1949109435081482,0.4114856719970703,1.714445948600769,0.44540461897850037,0.5068390965461731,1.7909204959869385,-0.11053291708230972,0.4219042658805847,1.7774790525436401,0.14838680624961853,0.3320779800415039,0.2823585569858551,5.286273108140449e-08,0.33278700709342957,0.24565520882606506,0.005987364333122969,0.3405909240245819,0.21680626273155212,0.005264993291348219,0.3529311418533325,0.2044537514448166,0.0027285548858344555,0.3644433915615082,0.20167963206768036,0.0003558417083695531,0.3378807306289673,0.19318971037864685,-0.00235921167768538,0.3581746518611908,0.16567087173461914,-0.0072641875594854355,0.3705025613307953,0.1693418323993683,-0.00926513783633709,0.3766975998878479,0.178287535905838,-0.009284230880439281,0.3449329733848572,0.20142491161823273,-0.008032213896512985,0.3665432333946228,0.17097556591033936,-0.010149357840418816,0.3787747323513031,0.173652783036232,-0.009664375334978104,0.38442462682724,0.18317869305610657,-0.008606870658695698,0.3523853123188019,0.21566608548164368,-0.013113073073327541,0.3732544183731079,0.19492219388484955,-0.013592470437288284,0.382552832365036,0.19934704899787903,-0.011412289924919605,0.3852379024028778,0.20719778537750244,-0.009674347937107086,0.35975760221481323,0.23338788747787476,-0.017845533788204193,0.37544214725494385,0.22334612905979156,-0.01588647998869419,0.3799188733100891,0.22680887579917908,-0.01213869173079729,0.38030532002449036,0.23206904530525208,-0.00907144509255886,0.0,0.0,0.0,0.0,0.0,0.0,0.0,0.0,0.0,0.0,0.0,0.0,0.0,0.0,0.0,0.0,0.0,0.0,0.0,0.0,0.0,0.0,0.0,0.0,0.0,0.0,0.0,0.0,0.0,0.0,0.0,0.0,0.0,0.0,0.0,0.0,0.0,0.0,0.0,0.0,0.0,0.0,0.0,0.0,0.0,0.0,0.0,0.0,0.0,0.0,0.0,0.0,0.0,0.0,0.0,0.0,0.0,0.0,0.0,0.0,0.0,0.0,0.0
0.4983963668346405,0.25217652320861816,-0.3361738324165344,0.5161156058311462,0.22891995310783386,-0.32282954454421997,0.5248041749000549,0.23073101043701172,-0.3229477107524872,0.5337935090065002,0.23340784013271332,-0.3229944109916687,0.49721282720565796,0.22753052413463593,-0.28654640913009644,0.49257904291152954,0.22761133313179016,-0.28649598360061646,0.48838010430336,0.22739650309085846,-0.2868594527244568,0.5539571642875671,0.2654188573360443,-0.20429052412509918,0.4900308847427368,0.25278934836387634,-0.03570735827088356,0.5126997232437134,0.29474952816963196,-0.2990432679653168,0.4887555241584778,0.28859156370162964,-0.2516614496707916,0.6102771759033203,0.4985692799091339,-0.17079415917396545,0.4310382008552551,0.44708743691444397,0.07119495421648026,0.6330311298370361,0.7878654599189758,-0.19084538519382477,0.3231354057788849,0.5254493951797485,-0.19617795944213867,0.6222314834594727,0.9931407570838928,-0.25744393467903137,0.340069979429245,0.29151707887649536,-0.6902045011520386,0.6298744082450867,1.0783854722976685,-0.2835908532142639,0.34995362162590027,0.23620976507663727,-0.7864308953285217,0.6145622134208679,1.0772415399551392,-0.3165723383426666,0.36227545142173767,0.22163164615631104,-0.743342936038971,0.606756865978241,1.0480446815490723,-0.2707386314868927,0.3632712960243225,0.24096617102622986,-0.6956209540367126,0.5551174283027649,0.9870427846908569,-0.07080312073230743,0.4352174699306488,0.9734387397766113,0.07164110243320465,0.5358181595802307,1.350862979888916,-0.075201116502285,0.4161570966243744,1.3247096538543701,0.14786680042743683,0.5318464636802673,1.696484088897705,0.178740993142128,0.41290703415870667,1.671690821647644,0.41482508182525635,0.5369766354560852,1.7435996532440186,0.1862391084432602,0.40950581431388855,1.7139573097229004,0.4343535304069519,0.5056906342506409,1.7904579639434814,-0.11669031530618668,0.42040327191352844,1.776472806930542,0.14266397058963776,0.33240827918052673,0.30467894673347473,2.8236716076435187e-08,0.3340955376625061,0.2684621810913086,0.005880358628928661,0.34151342511177063,0.23861128091812134,0.004630122799426317,0.3526935875415802,0.22382116317749023,0.001473180833272636,0.36363014578819275,0.2189226746559143,-0.001428009127266705,0.33920133113861084,0.2156984657049179,-0.0031513201538473368,0.36087554693222046,0.19055238366127014,-0.009267562068998814,0.37337374687194824,0.19909556210041046,-0.011683566495776176,0.37767764925956726,0.21191483736038208,-0.01169460080564022,0.3450748324394226,0.22544176876544952,-0.009258168749511242,0.3688938319683075,0.19652801752090454,-0.012621178291738033,0.38137421011924744,0.20575696229934692,-0.011796081438660622,0.3851878345012665,0.21870999038219452,-0.010096843354403973,0.3517237603664398,0.24132367968559265,-0.014857384376227856,0.3747332692146301,0.21969740092754364,-0.016720343381166458,0.38460803031921387,0.2280271053314209,-0.013447468169033527,0.3860529661178589,0.23793432116508484,-0.010418136604130268,0.3582319915294647,0.2606573700904846,-0.02007497288286686,0.37588179111480713,0.24843260645866394,-0.019441764801740646,0.38148531317710876,0.25182440876960754,-0.01527215912938118,0.3815118968486786,0.2570176124572754,-0.011495031416416168,0.0,0.0,0.0,0.0,0.0,0.0,0.0,0.0,0.0,0.0,0.0,0.0,0.0,0.0,0.0,0.0,0.0,0.0,0.0,0.0,0.0,0.0,0.0,0.0,0.0,0.0,0.0,0.0,0.0,0.0,0.0,0.0,0.0,0.0,0.0,0.0,0.0,0.0,0.0,0.0,0.0,0.0,0.0,0.0,0.0,0.0,0.0,0.0,0.0,0.0,0.0,0.0,0.0,0.0,0.0,0.0,0.0,0.0,0.0,0.0,0.0,0.0,0.0
0.49784034490585327,0.2526273727416992,-0.3394371271133423,0.5155526995658875,0.2289099395275116,-0.3260035812854767,0.5242130160331726,0.230728417634964,-0.3261379599571228,0.5331823825836182,0.23340685665607452,-0.3261731266975403,0.4966365098953247,0.22751645743846893,-0.29088109731674194,0.4922696053981781,0.22756873071193695,-0.29081985354423523,0.4881497323513031,0.22735090553760529,-0.29118698835372925,0.5537408590316772,0.26534780859947205,-0.2056446373462677,0.4900292158126831,0.2526860237121582,-0.04053952544927597,0.5122717022895813,0.29498371481895447,-0.3008485436439514,0.4886469542980194,0.28925085067749023,-0.25472965836524963,0.6103178262710571,0.4985814392566681,-0.16898363828659058,0.4307999312877655,0.448141872882843,0.06917436420917511,0.6333001255989075,0.7884684801101685,-0.18570642173290253,0.3236028552055359,0.5513502955436707,-0.20552581548690796,0.6216138601303101,0.9933372139930725,-0.26030218601226807,0.3400793969631195,0.3206043243408203,-0.7107135653495789,0.629128098487854,1.0795732736587524,-0.2875446081161499,0.3507610261440277,0.26758959889411926,-0.8048903346061707,0.6136559844017029,1.0782451629638672,-0.3186967968940735,0.36280709505081177,0.2514982521533966,-0.7709931135177612,0.6059757471084595,1.0481817722320557,-0.2730872333049774,0.3636032044887543,0.2706923186779022,-0.7180262804031372,0.5552141070365906,0.9867986440658569,-0.06879018247127533,0.4350467026233673,0.9737465381622314,0.06966244429349899,0.5362983345985413,1.351438045501709,-0.06398104131221771,0.41613176465034485,1.3252354860305786,0.15683476626873016,0.5318734645843506,1.696702241897583,0.1986631453037262,0.41224804520606995,1.6727778911590576,0.4426155090332031,0.5369886159896851,1.7436285018920898,0.2066451460123062,0.40864381194114685,1.7153264284133911,0.46431055665016174,0.5055035948753357,1.7917171716690063,-0.09463309496641159,0.41986343264579773,1.777927041053772,0.17159904539585114,0.3330625593662262,0.33042246103286743,1.2623761591612492e-08,0.3359105587005615,0.29584115743637085,0.004126955755054951,0.3433566987514496,0.2676255702972412,0.0013714241795241833,0.35431861877441406,0.25279465317726135,-0.0029990465845912695,0.36506614089012146,0.24833564460277557,-0.006981194950640202,0.34150153398513794,0.24615883827209473,-0.006526400335133076,0.36557453870773315,0.22164976596832275,-0.014552727341651917,0.3782733976840973,0.23300006985664368,-0.018415942788124084,0.3816176652908325,0.24829605221748352,-0.019214073196053505,0.346172571182251,0.2586019039154053,-0.012233631685376167,0.3725385367870331,0.23385776579380035,-0.017019212245941162,0.3838282823562622,0.2458191215991974,-0.016756126657128334,0.38606274127960205,0.25844159722328186,-0.015699991956353188,0.3518455922603607,0.2765815854072571,-0.017617417499423027,0.3759513795375824,0.2588420808315277,-0.02052021585404873,0.3850085139274597,0.266884982585907,-0.017875421792268753,0.3859308660030365,0.2752680480480194,-0.015509329736232758,0.3576849102973938,0.2969016134738922,-0.02274364046752453,0.37556272745132446,0.28694915771484375,-0.02250373363494873,0.38019615411758423,0.2900083065032959,-0.01862982288002968,0.37904638051986694,0.2944084405899048,-0.015420214273035526,0.0,0.0,0.0,0.0,0.0,0.0,0.0,0.0,0.0,0.0,0.0,0.0,0.0,0.0,0.0,0.0,0.0,0.0,0.0,0.0,0.0,0.0,0.0,0.0,0.0,0.0,0.0,0.0,0.0,0.0,0.0,0.0,0.0,0.0,0.0,0.0,0.0,0.0,0.0,0.0,0.0,0.0,0.0,0.0,0.0,0.0,0.0,0.0,0.0,0.0,0.0,0.0,0.0,0.0,0.0,0.0,0.0,0.0,0.0,0.0,0.0,0.0,0.0
0.49784404039382935,0.25389543175697327,-0.3622376322746277,0.5156106948852539,0.22940777242183685,-0.34278324246406555,0.5242658853530884,0.2312806397676468,-0.3429085612297058,0.5332523584365845,0.23393715918064117,-0.3428848385810852,0.49654683470726013,0.22787320613861084,-0.3170475661754608,0.4921799898147583,0.22788375616073608,-0.3169514536857605,0.4880334436893463,0.22771039605140686,-0.3173249363899231,0.5536631941795349,0.26535171270370483,-0.2071659415960312,0.4898621439933777,0.252783864736557,-0.06814015656709671,0.5123775005340576,0.2961883842945099,-0.31219610571861267,0.4886479675769806,0.2908920645713806,-0.27779051661491394,0.6103264689445496,0.49852344393730164,-0.15575306117534637,0.4299606680870056,0.45122379064559937,0.03153757378458977,0.6334392428398132,0.7869748473167419,-0.1558322310447693,0.32414472103118896,0.5798400044441223,-0.25420382618904114,0.6211909055709839,0.9889472126960754,-0.2530502378940582,0.3399123549461365,0.3666490316390991,-0.7876682877540588,0.6280714273452759,1.0746454000473022,-0.283978670835495,0.3514222502708435,0.3127175569534302,-0.8869472146034241,0.6129294633865356,1.075875997543335,-0.315727174282074,0.3630598485469818,0.30067577958106995,-0.8614323735237122,0.6054894924163818,1.0402406454086304,-0.26680248975753784,0.3636683225631714,0.31579071283340454,-0.7966126203536987,0.5562638640403748,0.9862867593765259,-0.060384076088666916,0.4351459741592407,0.9738836288452148,0.0613643042743206,0.5403230786323547,1.3514381647109985,-0.04402897506952286,0.41717976331710815,1.326155662536621,0.15798716247081757,0.5351871848106384,1.696513295173645,0.2303013801574707,0.4128285050392151,1.6740870475769043,0.4531828463077545,0.5399652719497681,1.7429800033569336,0.23900339007377625,0.4089738726615906,1.7168943881988525,0.47575780749320984,0.5089464783668518,1.792232871055603,-0.06519205868244171,0.42187029123306274,1.7801728248596191,0.17882667481899261,0.3326399326324463,0.36087360978126526,1.1941817534832921e-09,0.33853089809417725,0.3302924335002899,2.1496223780559376e-05,0.35200974345207214,0.3028322458267212,-0.004994031507521868,0.36918511986732483,0.2922956645488739,-0.010744502767920494,0.3828164041042328,0.2913481295108795,-0.01601877622306347,0.3443749248981476,0.2830452620983124,-0.012757983058691025,0.37074020504951477,0.2639382481575012,-0.021935604512691498,0.38229459524154663,0.27820783853530884,-0.026557691395282745,0.38388264179229736,0.2923734784126282,-0.028257615864276886,0.345755934715271,0.29927489161491394,-0.017190415412187576,0.3749811053276062,0.28099432587623596,-0.023698994889855385,0.38483884930610657,0.29428830742836,-0.0238199383020401,0.3854273855686188,0.30561575293540955,-0.023723546415567398,0.3488242030143738,0.31905075907707214,-0.021503891795873642,0.376816064119339,0.3065885305404663,-0.02573023922741413,0.3838849365711212,0.31484419107437134,-0.02344484068453312,0.3826966881752014,0.3212816119194031,-0.02196788601577282,0.35348087549209595,0.3401631712913513,-0.025867857038974762,0.3749277889728546,0.3321707844734192,-0.026408931240439415,0.37753617763519287,0.33685192465782166,-0.02295740693807602,0.3743897080421448,0.3401486277580261,-0.020825941115617752,0.0,0.0,0.0,0.0,0.0,0.0,0.0,0.0,0.0,0.0,0.0,0.0,0.0,0.0,0.0,0.0,0.0,0.0,0.0,0.0,0.0,0.0,0.0,0.0,0.0,0.0,0.0,0.0,0.0,0.0,0.0,0.0,0.0,0.0,0.0,0.0,0.0,0.0,0.0,0.0,0.0,0.0,0.0,0.0,0.0,0.0,0.0,0.0,0.0,0.0,0.0,0.0,0.0,0.0,0.0,0.0,0.0,0.0,0.0,0.0,0.0,0.0,0.0
0.49847790598869324,0.25441774725914,-0.3901943862438202,0.5163277983665466,0.22982622683048248,-0.3619709312915802,0.5250012874603271,0.23175308108329773,-0.36213186383247375,0.5339725613594055,0.23438678681850433,-0.36210301518440247,0.49659356474876404,0.22825069725513458,-0.34339696168899536,0.4921713173389435,0.22829128801822662,-0.3432871401309967,0.4880240857601166,0.2282451093196869,-0.34364646673202515,0.5536041259765625,0.26534491777420044,-0.19791501760482788,0.4895370304584503,0.2529899775981903,-0.08774258941411972,0.5132230520248413,0.2967521548271179,-0.3284139037132263,0.4887144863605499,0.29164183139801025,-0.30394160747528076,0.6103202700614929,0.49823370575904846,-0.13546930253505707,0.4289840757846832,0.4558071494102478,0.015480246394872665,0.6336284279823303,0.7848215699195862,-0.14038889110088348,0.3240777552127838,0.6027402877807617,-0.2825078070163727,0.6211975812911987,0.9870256185531616,-0.2601996958255768,0.3404451012611389,0.41364461183547974,-0.8354490995407104,0.6280378103256226,1.0725923776626587,-0.29568594694137573,0.35178616642951965,0.3656228482723236,-0.9396698474884033,0.6127981543540955,1.0753189325332642,-0.3281620144844055,0.36353549361228943,0.3483259677886963,-0.9175699353218079,0.6054286360740662,1.0381537675857544,-0.2750243842601776,0.36418673396110535,0.36306923627853394,-0.8458014130592346,0.5575041174888611,0.9858129620552063,-0.05310789495706558,0.43529221415519714,0.974504828453064,0.05414559692144394,0.5446416735649109,1.3510996103286743,-0.034903235733509064,0.4180482029914856,1.3267422914505005,0.16040043532848358,0.5389498472213745,1.6952580213546753,0.23822298645973206,0.41362521052360535,1.6744004487991333,0.45492997765541077,0.5430039167404175,1.7407101392745972,0.24651482701301575,0.4098910689353943,1.7172819375991821,0.4768730401992798,0.5147364735603333,1.7922533750534058,-0.06223784387111664,0.42478540539741516,1.7805272340774536,0.1865198016166687,0.33538714051246643,0.3889428973197937,-1.4861173625035917e-08,0.34411367774009705,0.3641020357608795,-0.002710971748456359,0.3601333796977997,0.34277069568634033,-0.008969462476670742,0.3779173791408539,0.3343146741390228,-0.015013204887509346,0.3919360041618347,0.3333027958869934,-0.02049844339489937,0.3473379909992218,0.3309566378593445,-0.0195107851177454,0.37352970242500305,0.3201228678226471,-0.027285991236567497,0.3833911418914795,0.3358229398727417,-0.029524577781558037,0.3849228322505951,0.3483838438987732,-0.030100801959633827,0.34633609652519226,0.34959059953689575,-0.022392313927412033,0.37566277384757996,0.33998405933380127,-0.027815736830234528,0.38404372334480286,0.3533303439617157,-0.02594960853457451,0.3841613829135895,0.3645522892475128,-0.025216029956936836,0.3476578891277313,0.36999866366386414,-0.024809321388602257,0.37625110149383545,0.36619171500205994,-0.027986906468868256,0.38081100583076477,0.37575292587280273,-0.02344322018325329,0.3781561851501465,0.38224247097969055,-0.021087871864438057,0.3507440388202667,0.3899657428264618,-0.027524231001734734,0.3721778392791748,0.38808268308639526,-0.027469053864479065,0.375095933675766,0.39251232147216797,-0.023016825318336487,0.3723846673965454,0.39632800221443176,-0.020586157217621803,0.0,0.0,0.0,0.0,0.0,0.0,0.0,0.0,0.0,0.0,0.0,0.0,0.0,0.0,0.0,0.0,0.0,0.0,0.0,0.0,0.0,0.0,0.0,0.0,0.0,0.0,0.0,0.0,0.0,0.0,0.0,0.0,0.0,0.0,0.0,0.0,0.0,0.0,0.0,0.0,0.0,0.0,0.0,0.0,0.0,0.0,0.0,0.0,0.0,0.0,0.0,0.0,0.0,0.0,0.0,0.0,0.0,0.0,0.0,0.0,0.0,0.0,0.0
0.49964267015457153,0.2574329078197479,-0.4351721405982971,0.5171089768409729,0.2314339578151703,-0.4034915864467621,0.5257698893547058,0.2331860363483429,-0.4036782383918762,0.5346515774726868,0.23562999069690704,-0.4036256968975067,0.4966321885585785,0.2304847091436386,-0.39215192198753357,0.4921647906303406,0.23101769387722015,-0.3920568525791168,0.48797476291656494,0.23182523250579834,-0.3924010694026947,0.5534006357192993,0.26543307304382324,-0.19921687245368958,0.48851478099823,0.2545032501220703,-0.13955944776535034,0.5148018598556519,0.2984461486339569,-0.3642759919166565,0.48887497186660767,0.29409387707710266,-0.34919002652168274,0.6102844476699829,0.4973892867565155,-0.12967552244663239,0.4273306131362915,0.4602973759174347,-0.03272470831871033,0.6338979005813599,0.7842502593994141,-0.10942497104406357,0.3235454559326172,0.6296939253807068,-0.33173421025276184,0.6215422749519348,0.9864954352378845,-0.22575220465660095,0.34079259634017944,0.4656410217285156,-0.8898437023162842,0.6285650134086609,1.072599172592163,-0.26192572712898254,0.35198476910591125,0.4319378733634949,-0.9955471158027649,0.6132587194442749,1.0753347873687744,-0.2964739203453064,0.36379268765449524,0.41423162817955017,-0.9798411726951599,0.6059128642082214,1.0382004976272583,-0.24183450639247894,0.3645312190055847,0.42823290824890137,-0.9018638134002686,0.5591386556625366,0.9858909249305725,-0.041751131415367126,0.4354372024536133,0.9772050380706787,0.042856939136981964,0.5525152087211609,1.351078748703003,-0.015328635461628437,0.4207945466041565,1.3323838710784912,0.16151376068592072,0.5476331114768982,1.6951866149902344,0.26803386211395264,0.4191863238811493,1.6785506010055542,0.48394066095352173,0.5511152148246765,1.740344524383545,0.27714866399765015,0.416507750749588,1.7214988470077515,0.5100589394569397,0.526095449924469,1.7935898303985596,-0.03177652508020401,0.4335012435913086,1.7844924926757812,0.20509815216064453,0.3300972282886505,0.4703321158885956,-3.288290884029266e-08,0.33779069781303406,0.44028177857398987,-0.0009757052175700665,0.35648447275161743,0.4155830144882202,-0.006000674795359373,0.3762943148612976,0.4059278964996338,-0.01137419231235981,0.39082038402557373,0.4014078974723816,-0.016024641692638397,0.3487001955509186,0.4011896252632141,-0.014007025398314,0.3794378936290741,0.3971308171749115,-0.021939286962151527,0.38207754492759705,0.4084770679473877,-0.02489105984568596,0.3776416480541229,0.4161980152130127,-0.025681830942630768,0.347787469625473,0.4228340685367584,-0.01757149212062359,0.37959522008895874,0.4174537658691406,-0.02304426021873951,0.38133299350738525,0.42751362919807434,-0.021723175421357155,0.37593719363212585,0.43546047806739807,-0.02110089175403118,0.34828540682792664,0.4455297887325287,-0.020939795300364494,0.37928006052970886,0.4395674467086792,-0.024277595803141594,0.37881502509117126,0.44970014691352844,-0.019432734698057175,0.3719547390937805,0.4557636082172394,-0.016551673412322998,0.34975501894950867,0.46744272112846375,-0.024471916258335114,0.3747689127922058,0.4617319107055664,-0.024583324790000916,0.3744233250617981,0.4675580859184265,-0.020013757050037384,0.36817774176597595,0.4709824323654175,-0.017247244715690613,0.0,0.0,0.0,0.0,0.0,0.0,0.0,0.0,0.0,0.0,0.0,0.0,0.0,0.0,0.0,0.0,0.0,0.0,0.0,0.0,0.0,0.0,0.0,0.0,0.0,0.0,0.0,0.0,0.0,0.0,0.0,0.0,0.0,0.0,0.0,0.0,0.0,0.0,0.0,0.0,0.0,0.0,0.0,0.0,0.0,0.0,0.0,0.0,0.0,0.0,0.0,0.0,0.0,0.0,0.0,0.0,0.0,0.0,0.0,0.0,0.0,0.0,0.0
0.5004108548164368,0.2595357298851013,-0.44152089953422546,0.5172715783119202,0.23258934915065765,-0.4091412425041199,0.5258888602256775,0.23415105044841766,-0.40933552384376526,0.5347001552581787,0.23640233278274536,-0.409292995929718,0.49665728211402893,0.23216092586517334,-0.39961516857147217,0.49215689301490784,0.23297138512134552,-0.3995214104652405,0.4879666268825531,0.2341059446334839,-0.3998548090457916,0.5525890588760376,0.2655048668384552,-0.19878552854061127,0.487820565700531,0.2557661831378937,-0.1479317843914032,0.5155844688415527,0.29954448342323303,-0.36748582124710083,0.48909351229667664,0.295663058757782,-0.3549024164676666,0.610005259513855,0.49517369270324707,-0.10839351266622543,0.4269530475139618,0.46185263991355896,-0.0466935969889164,0.6339809894561768,0.7764569520950317,-0.09145928919315338,0.3242020905017853,0.6391592025756836,-0.34964561462402344,0.6220253705978394,0.9803102612495422,-0.23609775304794312,0.3411574065685272,0.5300754904747009,-0.9479071497917175,0.6272481083869934,1.0726808309555054,-0.2749842405319214,0.35180214047431946,0.5110718607902527,-1.0590702295303345,0.614231288433075,1.0753225088119507,-0.3128789961338043,0.36354097723960876,0.4915318787097931,-1.0566649436950684,0.6072832345962524,1.038009524345398,-0.25397855043411255,0.3646163046360016,0.49721431732177734,-0.9655080437660217,0.5610454678535461,0.9858713746070862,-0.030231857672333717,0.4369136393070221,0.9783973693847656,0.03141913190484047,0.5597614049911499,1.3510137796401978,-0.0016966789262369275,0.424877792596817,1.3348963260650635,0.1531328558921814,0.5556837916374207,1.694386601448059,0.293117493391037,0.42705193161964417,1.6788150072097778,0.48372918367385864,0.5588708519935608,1.7391053438186646,0.3035443127155304,0.42522963881492615,1.7215362787246704,0.5093356370925903,0.5360111594200134,1.7937349081039429,-0.005217938683927059,0.4452782869338989,1.785049319267273,0.2012356072664261,0.0,0.0,0.0,0.0,0.0,0.0,0.0,0.0,0.0,0.0,0.0,0.0,0.0,0.0,0.0,0.0,0.0,0.0,0.0,0.0,0.0,0.0,0.0,0.0,0.0,0.0,0.0,0.0,0.0,0.0,0.0,0.0,0.0,0.0,0.0,0.0,0.0,0.0,0.0,0.0,0.0,0.0,0.0,0.0,0.0,0.0,0.0,0.0,0.0,0.0,0.0,0.0,0.0,0.0,0.0,0.0,0.0,0.0,0.0,0.0,0.0,0.0,0.0,0.0,0.0,0.0,0.0,0.0,0.0,0.0,0.0,0.0,0.0,0.0,0.0,0.0,0.0,0.0,0.0,0.0,0.0,0.0,0.0,0.0,0.0,0.0,0.0,0.0,0.0,0.0,0.0,0.0,0.0,0.0,0.0,0.0,0.0,0.0,0.0,0.0,0.0,0.0,0.0,0.0,0.0,0.0,0.0,0.0,0.0,0.0,0.0,0.0,0.0,0.0,0.0,0.0,0.0,0.0,0.0,0.0,0.0,0.0,0.0,0.0,0.0,0.0
0.5007902979850769,0.26130497455596924,-0.44454506039619446,0.5173222422599792,0.23352275788784027,-0.4145103991031647,0.5259168148040771,0.2350410670042038,-0.41469019651412964,0.5347038507461548,0.23724082112312317,-0.4147070646286011,0.4966598153114319,0.23315361142158508,-0.4048362970352173,0.4921388626098633,0.2340627908706665,-0.4047907590866089,0.48795950412750244,0.2353018820285797,-0.4051268398761749,0.5519121289253235,0.26559996604919434,-0.2000969797372818,0.4871947467327118,0.25658074021339417,-0.15878988802433014,0.5160298347473145,0.30057331919670105,-0.37063702940940857,0.4891219735145569,0.29689139127731323,-0.3580167889595032,0.6097785830497742,0.49411654472351074,-0.1107812449336052,0.4262621998786926,0.4615483283996582,-0.04500556364655495,0.6342286467552185,0.7750157117843628,-0.08967001736164093,0.3337101936340332,0.649872362613678,-0.3072147071361542,0.6220285892486572,0.9749081134796143,-0.24657049775123596,0.34124642610549927,0.6030126810073853,-0.8670992255210876,0.6233612298965454,1.0657646656036377,-0.2855816185474396,0.3484534025192261,0.5915201902389526,-0.9715479612350464,0.6118643283843994,1.0522972345352173,-0.3215239644050598,0.35953035950660706,0.5658071041107178,-0.9789122939109802,0.6073874235153198,1.0334508419036865,-0.2650523781776428,0.36248472332954407,0.5697414875030518,-0.8873813152313232,0.5620486736297607,0.9852845072746277,-0.027597898617386818,0.4378295838832855,0.978451669216156,0.028750261291861534,0.559527575969696,1.3505452871322632,0.011771941557526588,0.42669856548309326,1.334864616394043,0.11120689660310745,0.5547752976417542,1.6936500072479248,0.29499053955078125,0.4280141294002533,1.678646206855774,0.39491164684295654,0.5581373572349548,1.7385085821151733,0.30466023087501526,0.42583513259887695,1.7214937210083008,0.414309561252594,0.5339061617851257,1.793675422668457,0.002191331936046481,0.44570115208625793,1.7849774360656738,0.10567017644643784,0.0,0.0,0.0,0.0,0.0,0.0,0.0,0.0,0.0,0.0,0.0,0.0,0.0,0.0,0.0,0.0,0.0,0.0,0.0,0.0,0.0,0.0,0.0,0.0,0.0,0.0,0.0,0.0,0.0,0.0,0.0,0.0,0.0,0.0,0.0,0.0,0.0,0.0,0.0,0.0,0.0,0.0,0.0,0.0,0.0,0.0,0.0,0.0,0.0,0.0,0.0,0.0,0.0,0.0,0.0,0.0,0.0,0.0,0.0,0.0,0.0,0.0,0.0,0.0,0.0,0.0,0.0,0.0,0.0,0.0,0.0,0.0,0.0,0.0,0.0,0.0,0.0,0.0,0.0,0.0,0.0,0.0,0.0,0.0,0.0,0.0,0.0,0.0,0.0,0.0,0.0,0.0,0.0,0.0,0.0,0.0,0.0,0.0,0.0,0.0,0.0,0.0,0.0,0.0,0.0,0.0,0.0,0.0,0.0,0.0,0.0,0.0,0.0,0.0,0.0,0.0,0.0,0.0,0.0,0.0,0.0,0.0,0.0,0.0,0.0,0.0
0.5011481642723083,0.26178380846977234,-0.4324909448623657,0.5173746943473816,0.23373576998710632,-0.4045358896255493,0.5259614586830139,0.23523440957069397,-0.4046931862831116,0.5347130298614502,0.23739226162433624,-0.40471556782722473,0.49666258692741394,0.23331090807914734,-0.39399453997612,0.4921075999736786,0.23420900106430054,-0.3939700126647949,0.48795434832572937,0.2353930026292801,-0.39432036876678467,0.5513979196548462,0.26547113060951233,-0.19703581929206848,0.4868747889995575,0.25671643018722534,-0.15731774270534515,0.5164463520050049,0.30092865228652954,-0.36478665471076965,0.4892347455024719,0.29734519124031067,-0.3471180498600006,0.6094810366630554,0.4928981065750122,-0.08522923290729523,0.4255121648311615,0.46130359172821045,-0.05608963593840599,0.6343650221824646,0.7715523838996887,-0.05313870683312416,0.3455764949321747,0.6495150923728943,-0.262185275554657,0.6220270395278931,0.9579471349716187,-0.2324618399143219,0.34355974197387695,0.6497600674629211,-0.7601819634437561,0.6225326061248779,1.0490299463272095,-0.27739813923835754,0.34513190388679504,0.6756550669670105,-0.8561362028121948,0.6114509701728821,1.0304821729660034,-0.3222689926624298,0.3579212427139282,0.6558032631874084,-0.9117118120193481,0.607518196105957,1.0094573497772217,-0.2545953094959259,0.3622014820575714,0.6503002047538757,-0.7891770601272583,0.5631023645401001,0.9829956293106079,-0.01690954715013504,0.44028568267822266,0.9774539470672607,0.018047375604510307,0.5595350861549377,1.3455207347869873,0.0247795507311821,0.42926496267318726,1.3270537853240967,0.062009550631046295,0.5532060265541077,1.68844473361969,0.29830673336982727,0.42852258682250977,1.671839714050293,0.3001566231250763,0.5566619634628296,1.7340106964111328,0.3081716299057007,0.42588648200035095,1.7158141136169434,0.3138698637485504,0.5314834117889404,1.7883689403533936,0.01979839988052845,0.44572797417640686,1.7771570682525635,0.01252744160592556,0.0,0.0,0.0,0.0,0.0,0.0,0.0,0.0,0.0,0.0,0.0,0.0,0.0,0.0,0.0,0.0,0.0,0.0,0.0,0.0,0.0,0.0,0.0,0.0,0.0,0.0,0.0,0.0,0.0,0.0,0.0,0.0,0.0,0.0,0.0,0.0,0.0,0.0,0.0,0.0,0.0,0.0,0.0,0.0,0.0,0.0,0.0,0.0,0.0,0.0,0.0,0.0,0.0,0.0,0.0,0.0,0.0,0.0,0.0,0.0,0.0,0.0,0.0,0.0,0.0,0.0,0.0,0.0,0.0,0.0,0.0,0.0,0.0,0.0,0.0,0.0,0.0,0.0,0.0,0.0,0.0,0.0,0.0,0.0,0.0,0.0,0.0,0.0,0.0,0.0,0.0,0.0,0.0,0.0,0.0,0.0,0.0,0.0,0.0,0.0,0.0,0.0,0.0,0.0,0.0,0.0,0.0,0.0,0.0,0.0,0.0,0.0,0.0,0.0,0.0,0.0,0.0,0.0,0.0,0.0,0.0,0.0,0.0,0.0,0.0,0.0
0.5014757513999939,0.2617819011211395,-0.44745150208473206,0.517469584941864,0.2337501496076584,-0.4188363254070282,0.5260427594184875,0.235258087515831,-0.41903549432754517,0.5347543954849243,0.23740649223327637,-0.4190570116043091,0.4966587424278259,0.23328618705272675,-0.4085049033164978,0.4920039474964142,0.23417028784751892,-0.40852028131484985,0.48786723613739014,0.23534509539604187,-0.4089118540287018,0.5509854555130005,0.2652328908443451,-0.21075133979320526,0.4861132800579071,0.25670868158340454,-0.16533979773521423,0.5168284773826599,0.3010866940021515,-0.37449896335601807,0.4893602728843689,0.29749923944473267,-0.35992440581321716,0.6088845729827881,0.4909224808216095,-0.10498896986246109,0.42491814494132996,0.46311700344085693,-0.042486172169446945,0.6347237825393677,0.7660486102104187,-0.08599840104579926,0.3511640131473541,0.6499130129814148,-0.12976251542568207,0.6227229833602905,0.9391871690750122,-0.3002219498157501,0.3436555862426758,0.7101369500160217,-0.5589908957481384,0.6233476400375366,1.0352270603179932,-0.3603765368461609,0.3408621847629547,0.7488979697227478,-0.643655002117157,0.6140645146369934,1.0162861347198486,-0.410424143075943,0.35240429639816284,0.7377043962478638,-0.6942218542098999,0.6093974709510803,0.9885861873626709,-0.32578834891319275,0.3582148849964142,0.728823184967041,-0.5909164547920227,0.56352698802948,0.979627251625061,-0.024269182235002518,0.441922664642334,0.9722676873207092,0.02536119893193245,0.55881267786026,1.339624285697937,0.008076618425548077,0.43030208349227905,1.3204797506332397,0.09019649773836136,0.5525305867195129,1.6776237487792969,0.31107038259506226,0.43081316351890564,1.661791205406189,0.36701110005378723,0.5558643341064453,1.723426103591919,0.3256026804447174,0.4287744462490082,1.7067781686782837,0.3858727812767029,0.5306998491287231,1.7778196334838867,0.03880232200026512,0.44800907373428345,1.7652782201766968,0.08639908581972122,0.32708799839019775,0.7128663659095764,-2.0293602176479908e-07,0.34350964426994324,0.7051218152046204,-0.013823479413986206,0.35767868161201477,0.7155600190162659,-0.022453894838690758,0.3677213191986084,0.7369093298912048,-0.02844456024467945,0.37228184938430786,0.7580204606056213,-0.033147282898426056,0.3373742699623108,0.7561049461364746,-0.024635009467601776,0.3549065589904785,0.7905954718589783,-0.03192700818181038,0.36398592591285706,0.7732388973236084,-0.03413664177060127,0.3618481457233429,0.7548848986625671,-0.035258807241916656,0.33211031556129456,0.7729902267456055,-0.020545978099107742,0.3517734408378601,0.805219829082489,-0.02783116139471531,0.36154091358184814,0.7862167954444885,-0.028034310787916183,0.3587508499622345,0.7696226239204407,-0.027786860242486,0.3302111029624939,0.7822477221488953,-0.016778254881501198,0.3490341603755951,0.8120359182357788,-0.02353568561375141,0.35776853561401367,0.7944179773330688,-0.022140614688396454,0.35523757338523865,0.7791894674301147,-0.02079678699374199,0.33033883571624756,0.7868885397911072,-0.013780428096652031,0.34692081809043884,0.8098278045654297,-0.020188823342323303,0.3542918264865875,0.7967711687088013,-0.020244929939508438,0.35211965441703796,0.7827884554862976,-0.01937894895672798,0.0,0.0,0.0,0.0,0.0,0.0,0.0,0.0,0.0,0.0,0.0,0.0,0.0,0.0,0.0,0.0,0.0,0.0,0.0,0.0,0.0,0.0,0.0,0.0,0.0,0.0,0.0,0.0,0.0,0.0,0.0,0.0,0.0,0.0,0.0,0.0,0.0,0.0,0.0,0.0,0.0,0.0,0.0,0.0,0.0,0.0,0.0,0.0,0.0,0.0,0.0,0.0,0.0,0.0,0.0,0.0,0.0,0.0,0.0,0.0,0.0,0.0,0.0
0.5017505884170532,0.261855810880661,-0.44994041323661804,0.5175436735153198,0.23390838503837585,-0.4209632873535156,0.5260940790176392,0.2354266345500946,-0.42119982838630676,0.5347855091094971,0.2375594824552536,-0.421230673789978,0.4965924024581909,0.23335836827754974,-0.408679336309433,0.4917270839214325,0.23423507809638977,-0.40866169333457947,0.48750245571136475,0.23539486527442932,-0.4090576469898224,0.5506890416145325,0.26524031162261963,-0.2179180085659027,0.48478424549102783,0.2570238411426544,-0.15981556475162506,0.5173323750495911,0.30140459537506104,-0.3781377971172333,0.48939841985702515,0.2977726459503174,-0.3614232838153839,0.6084393858909607,0.4904480576515198,-0.12714777886867523,0.4247651696205139,0.46418479084968567,-0.03511551767587662,0.6349052786827087,0.7655478119850159,-0.1301049292087555,0.3605882525444031,0.6540542244911194,-0.03674577549099922,0.6244210004806519,0.9408992528915405,-0.3747842013835907,0.34339675307273865,0.7468082904815674,-0.3755781948566437,0.6268355250358582,1.0327831506729126,-0.43717581033706665,0.3357103765010834,0.8088650703430176,-0.44274190068244934,0.617527961730957,1.0222615003585815,-0.4869648516178131,0.3492724597454071,0.8035656213760376,-0.4943530857563019,0.6140748262405396,0.9933989644050598,-0.40049874782562256,0.3555311858654022,0.786628007888794,-0.40684807300567627,0.5634376406669617,0.9796713590621948,-0.04735546559095383,0.4421137273311615,0.9704095721244812,0.04846879467368126,0.5617774724960327,1.3397367000579834,0.0037080126348882914,0.4353683292865753,1.3221774101257324,0.14697429537773132,0.5563017129898071,1.6771351099014282,0.3836488723754883,0.4376002550125122,1.6619406938552856,0.49758797883987427,0.5602007508277893,1.7233141660690308,0.4054388403892517,0.4370024800300598,1.707129716873169,0.5240920186042786,0.5327064394950867,1.7773557901382446,0.11202806979417801,0.4509645998477936,1.765705943107605,0.2222030609846115,0.33137714862823486,0.7485417127609253,3.9295741660616557e-10,0.3450815975666046,0.768764317035675,-0.006923501845449209,0.3566167950630188,0.7924239039421082,-0.009913243353366852,0.363618403673172,0.8180006146430969,-0.011947870254516602,0.3671136796474457,0.8416760563850403,-0.013170444406569004,0.33818748593330383,0.8045744895935059,-0.007122367154806852,0.34267881512641907,0.8353215456008911,-0.011308055371046066,0.35114169120788574,0.8490406274795532,-0.014127288945019245,0.358378142118454,0.8559489250183105,-0.015655260533094406,0.3316099941730499,0.8116064071655273,-0.004977529402822256,0.338652104139328,0.841212809085846,-0.008305531926453114,0.3474799692630768,0.852484405040741,-0.00993576180189848,0.3535608947277069,0.8548458218574524,-0.011119773611426353,0.3280051052570343,0.8162338733673096,-0.003500516526401043,0.335269957780838,0.8442203402519226,-0.007254773750901222,0.34287312626838684,0.8513443470001221,-0.007388203404843807,0.3481769859790802,0.852081835269928,-0.006962961051613092,0.3261849582195282,0.8182236552238464,-0.0024601323530077934,0.3330850601196289,0.8428454399108887,-0.005511490162461996,0.33932793140411377,0.8481206893920898,-0.005346470512449741,0.3438287377357483,0.8475154638290405,-0.004629483912140131,0.0,0.0,0.0,0.0,0.0,0.0,0.0,0.0,0.0,0.0,0.0,0.0,0.0,0.0,0.0,0.0,0.0,0.0,0.0,0.0,0.0,0.0,0.0,0.0,0.0,0.0,0.0,0.0,0.0,0.0,0.0,0.0,0.0,0.0,0.0,0.0,0.0,0.0,0.0,0.0,0.0,0.0,0.0,0.0,0.0,0.0,0.0,0.0,0.0,0.0,0.0,0.0,0.0,0.0,0.0,0.0,0.0,0.0,0.0,0.0,0.0,0.0,0.0
0.5040029287338257,0.2629588842391968,-0.4753178656101227,0.5186737775802612,0.23484519124031067,-0.4414297640323639,0.5271540880203247,0.23638659715652466,-0.4416833519935608,0.5356120467185974,0.23875956237316132,-0.4416949152946472,0.4969710111618042,0.23413321375846863,-0.4333805739879608,0.4917266070842743,0.23494789004325867,-0.43338271975517273,0.48745691776275635,0.2362288236618042,-0.43377673625946045,0.5506258010864258,0.26542672514915466,-0.22420655190944672,0.48338308930397034,0.25792890787124634,-0.18117699027061462,0.519374668598175,0.30262625217437744,-0.396950900554657,0.4900932013988495,0.29895853996276855,-0.3854590952396393,0.6081755757331848,0.490017294883728,-0.12807676196098328,0.4233030378818512,0.46711090207099915,-0.04779293015599251,0.6350832581520081,0.7653462886810303,-0.12768734991550446,0.36462923884391785,0.6790785193443298,-0.07967652380466461,0.6281296014785767,0.9449402093887329,-0.38275259733200073,0.34344959259033203,0.81556636095047,-0.4466785788536072,0.6323451399803162,1.035729169845581,-0.45026320219039917,0.3334021270275116,0.8856902122497559,-0.5250558257102966,0.6228201985359192,1.0267466306686401,-0.5049353241920471,0.3482518196105957,0.8820596933364868,-0.5821126699447632,0.6169309020042419,0.9977887272834778,-0.4109826982021332,0.3552933633327484,0.8646157383918762,-0.4806201159954071,0.5633724927902222,0.9835276007652283,-0.04757801070809364,0.44206178188323975,0.9746600389480591,0.048676747828722,0.562599241733551,1.351836085319519,0.011685187928378582,0.43606796860694885,1.3393360376358032,0.1455957144498825,0.5563987493515015,1.6785483360290527,0.47563987970352173,0.4380166232585907,1.6703041791915894,0.5206021070480347,0.5598231554031372,1.7242997884750366,0.5055669546127319,0.43768346309661865,1.71578848361969,0.5497655272483826,0.5338647961616516,1.782867670059204,0.21343965828418732,0.45233967900276184,1.7802599668502808,0.23794002830982208,0.0,0.0,0.0,0.0,0.0,0.0,0.0,0.0,0.0,0.0,0.0,0.0,0.0,0.0,0.0,0.0,0.0,0.0,0.0,0.0,0.0,0.0,0.0,0.0,0.0,0.0,0.0,0.0,0.0,0.0,0.0,0.0,0.0,0.0,0.0,0.0,0.0,0.0,0.0,0.0,0.0,0.0,0.0,0.0,0.0,0.0,0.0,0.0,0.0,0.0,0.0,0.0,0.0,0.0,0.0,0.0,0.0,0.0,0.0,0.0,0.0,0.0,0.0,0.0,0.0,0.0,0.0,0.0,0.0,0.0,0.0,0.0,0.0,0.0,0.0,0.0,0.0,0.0,0.0,0.0,0.0,0.0,0.0,0.0,0.0,0.0,0.0,0.0,0.0,0.0,0.0,0.0,0.0,0.0,0.0,0.0,0.0,0.0,0.0,0.0,0.0,0.0,0.0,0.0,0.0,0.0,0.0,0.0,0.0,0.0,0.0,0.0,0.0,0.0,0.0,0.0,0.0,0.0,0.0,0.0,0.0,0.0,0.0,0.0,0.0,0.0
0.5050244927406311,0.2634614408016205,-0.4908596873283386,0.5192041993141174,0.23521964251995087,-0.4565652906894684,0.5276170372962952,0.2367699146270752,-0.45675474405288696,0.5359528660774231,0.23922060430049896,-0.45679202675819397,0.4970967173576355,0.23437054455280304,-0.4499398469924927,0.4916917085647583,0.23516105115413666,-0.44999024271965027,0.48729240894317627,0.23648905754089355,-0.450354665517807,0.5503548383712769,0.26543620228767395,-0.23584480583667755,0.4820652902126312,0.2584030032157898,-0.19988995790481567,0.5202813744544983,0.30331650376319885,-0.41036054491996765,0.49033987522125244,0.29970505833625793,-0.4002688229084015,0.608090341091156,0.4899056851863861,-0.12871147692203522,0.42087969183921814,0.4708596169948578,-0.0685829147696495,0.6352708339691162,0.7653131484985352,-0.12724736332893372,0.36640599370002747,0.7011774182319641,-0.08922625333070755,0.6305171847343445,0.9473053216934204,-0.4067313075065613,0.34374353289604187,0.8653525114059448,-0.43328794836997986,0.6360338926315308,1.0342570543289185,-0.48100921511650085,0.3332293629646301,0.9376267194747925,-0.5143925547599792,0.6254337430000305,1.0297597646713257,-0.5365588068962097,0.34878256916999817,0.9326605200767517,-0.5747174024581909,0.6186563372612,0.9996007680892944,-0.4363795816898346,0.35577842593193054,0.9103851318359375,-0.4677414000034332,0.5632848143577576,0.9875189661979675,-0.04488993436098099,0.44076719880104065,0.9819409251213074,0.04587608575820923,0.5624297261238098,1.3674087524414062,0.021101627498865128,0.4359307289123535,1.353312373161316,0.12517574429512024,0.5547115802764893,1.6855579614639282,0.5368085503578186,0.43783390522003174,1.6784613132476807,0.5190852284431458,0.5570939183235168,1.7298951148986816,0.5729747414588928,0.436393678188324,1.7227658033370972,0.5500949621200562,0.53223717212677,1.7958991527557373,0.29135259985923767,0.4514649510383606,1.7944996356964111,0.2413921058177948,0.3341198265552521,0.8890637159347534,-1.4277092930115032e-07,0.3486654460430145,0.9056263566017151,-0.011991477571427822,0.35798051953315735,0.9325146675109863,-0.016859157010912895,0.36429131031036377,0.9591126441955566,-0.01940876431763172,0.36656466126441956,0.9805256724357605,-0.020158173516392708,0.33434221148490906,0.9716092944145203,-0.010964928194880486,0.3504064679145813,0.995861828327179,-0.014383538626134396,0.35869255661964417,0.9833909869194031,-0.016032753512263298,0.35925304889678955,0.9689905047416687,-0.01671871915459633,0.32909518480300903,0.9748336672782898,-0.005428972188383341,0.3470420837402344,0.9978365898132324,-0.010053878650069237,0.35544833540916443,0.9856799840927124,-0.01170837227255106,0.3560182750225067,0.9728158712387085,-0.012214452028274536,0.3281761109828949,0.9736690521240234,-0.000546763651072979,0.34488731622695923,0.996682345867157,-0.006029937881976366,0.3530975878238678,0.9873403310775757,-0.006771713029593229,0.35393697023391724,0.9750407338142395,-0.006109654437750578,0.33049920201301575,0.9711924195289612,0.0037189051508903503,0.3438758850097656,0.9921525716781616,-0.0015875751851126552,0.3512990176677704,0.9863265752792358,-0.0025493984576314688,0.35288622975349426,0.9764323830604553,-0.0017887592548504472,0.0,0.0,0.0,0.0,0.0,0.0,0.0,0.0,0.0,0.0,0.0,0.0,0.0,0.0,0.0,0.0,0.0,0.0,0.0,0.0,0.0,0.0,0.0,0.0,0.0,0.0,0.0,0.0,0.0,0.0,0.0,0.0,0.0,0.0,0.0,0.0,0.0,0.0,0.0,0.0,0.0,0.0,0.0,0.0,0.0,0.0,0.0,0.0,0.0,0.0,0.0,0.0,0.0,0.0,0.0,0.0,0.0,0.0,0.0,0.0,0.0,0.0,0.0
0.5051189661026001,0.26387569308280945,-0.5420377254486084,0.5192623138427734,0.2353971004486084,-0.5077143311500549,0.5276623964309692,0.23692891001701355,-0.5079376697540283,0.5359841585159302,0.2393227219581604,-0.5080318450927734,0.4970196485519409,0.2345409393310547,-0.5064717531204224,0.49130621552467346,0.23537640273571014,-0.5065503716468811,0.4867285490036011,0.23679926991462708,-0.5069590210914612,0.5499088764190674,0.2653801441192627,-0.28213605284690857,0.4803714454174042,0.2589660882949829,-0.2669161260128021,0.5205352902412415,0.3038296401500702,-0.4586084187030792,0.490337997674942,0.30041712522506714,-0.454083651304245,0.6081313490867615,0.48994818329811096,-0.1475556492805481,0.41704970598220825,0.47714611887931824,-0.14467684924602509,0.6353209614753723,0.7656277418136597,-0.12588781118392944,0.36862239241600037,0.7413837909698486,-0.11694537103176117,0.6326252222061157,0.9482119083404541,-0.3886720836162567,0.3473224639892578,0.9344744086265564,-0.38595983386039734,0.6392248868942261,1.03535795211792,-0.460979163646698,0.33431899547576904,1.0191065073013306,-0.4594183564186096,0.6288015246391296,1.0291926860809326,-0.5165046453475952,0.34943121671676636,1.0170447826385498,-0.5268959999084473,0.6212008595466614,0.9974436163902283,-0.419183611869812,0.35791105031967163,0.986104428768158,-0.42017894983291626,0.5633375644683838,0.9895325899124146,-0.03887426480650902,0.43977075815200806,0.9882474541664124,0.03979048877954483,0.5616589188575745,1.3832277059555054,0.07211045175790787,0.43480414152145386,1.3741090297698975,0.1292765885591507,0.5542136430740356,1.7115832567214966,0.5579604506492615,0.4360486567020416,1.710002064704895,0.5219201445579529,0.5569589734077454,1.758371353149414,0.5903304815292358,0.435920774936676,1.7574200630187988,0.5514053702354431,0.5317391753196716,1.8282384872436523,0.3056250214576721,0.44828951358795166,1.828930139541626,0.2400968372821808,0.3387167155742645,0.9154276251792908,2.40553976738056e-08,0.35073769092559814,0.9371053576469421,-0.010631849989295006,0.3601245582103729,0.9681742191314697,-0.013931247405707836,0.36450982093811035,0.9968133568763733,-0.014983764849603176,0.3675247132778168,1.0191774368286133,-0.015029920265078545,0.3366200625896454,0.9866093397140503,-0.00840703770518303,0.3422004282474518,1.019766926765442,-0.011636465787887573,0.3484640419483185,1.0402799844741821,-0.01491017546504736,0.3541138470172882,1.055579662322998,-0.01695578172802925,0.33098292350769043,0.9890879392623901,-0.0038037062622606754,0.3366038501262665,1.0205438137054443,-0.006022898014634848,0.34335649013519287,1.040204405784607,-0.007923288270831108,0.34940117597579956,1.0522876977920532,-0.009230018593370914,0.32882586121559143,0.9903818964958191,-3.7177291233092546e-05,0.33448463678359985,1.0194181203842163,-0.002542013069614768,0.3407630920410156,1.036389946937561,-0.00305341649800539,0.3468456566333771,1.048593282699585,-0.0029058244545012712,0.328794002532959,0.9902637004852295,0.0028625857084989548,0.33277246356010437,1.0181341171264648,0.0004162974073551595,0.3375546634197235,1.0344676971435547,0.0003536613658070564,0.3424612879753113,1.047019124031067,0.0010458264732733369,0.0,0.0,0.0,0.0,0.0,0.0,0.0,0.0,0.0,0.0,0.0,0.0,0.0,0.0,0.0,0.0,0.0,0.0,0.0,0.0,0.0,0.0,0.0,0.0,0.0,0.0,0.0,0.0,0.0,0.0,0.0,0.0,0.0,0.0,0.0,0.0,0.0,0.0,0.0,0.0,0.0,0.0,0.0,0.0,0.0,0.0,0.0,0.0,0.0,0.0,0.0,0.0,0.0,0.0,0.0,0.0,0.0,0.0,0.0,0.0,0.0,0.0,0.0
0.5050885081291199,0.2643517255783081,-0.5513361096382141,0.5191634297370911,0.23573222756385803,-0.517238199710846,0.5275396704673767,0.23725512623786926,-0.5174779891967773,0.5358407497406006,0.2396014779806137,-0.5175930857658386,0.49643978476524353,0.23473313450813293,-0.5158740878105164,0.49040472507476807,0.2355615198612213,-0.5159388184547424,0.4856913387775421,0.2369869500398636,-0.5163581967353821,0.5490614175796509,0.26535892486572266,-0.2904350161552429,0.4786072075366974,0.2593596279621124,-0.2729994058609009,0.5204900503158569,0.30447959899902344,-0.46704718470573425,0.49007198214530945,0.30102261900901794,-0.4620376229286194,0.6080633997917175,0.48969194293022156,-0.15452302992343903,0.41380566358566284,0.4809057116508484,-0.15242154896259308,0.6353872418403625,0.7657751441001892,-0.12586627900600433,0.37033578753471375,0.7520860433578491,-0.12489176541566849,0.6334401965141296,0.9488667845726013,-0.3811146020889282,0.35260480642318726,0.9643396735191345,-0.3842852711677551,0.6405738592147827,1.0362045764923096,-0.4534509479999542,0.3380277752876282,1.0507943630218506,-0.45732009410858154,0.6301593780517578,1.030571460723877,-0.5082226991653442,0.3531356155872345,1.0512830018997192,-0.5262104868888855,0.6219298243522644,0.999060869216919,-0.41153573989868164,0.3618898391723633,1.020513653755188,-0.4189772605895996,0.5634693503379822,1.0001081228256226,-0.038262758404016495,0.43944892287254333,0.9993456602096558,0.039193447679281235,0.5613352060317993,1.3931066989898682,0.07299718260765076,0.43035900592803955,1.3842945098876953,0.13325297832489014,0.5528654456138611,1.727056622505188,0.549328088760376,0.4301425814628601,1.7242066860198975,0.5221055746078491,0.5547181367874146,1.7748730182647705,0.5804914832115173,0.4310206174850464,1.7720147371292114,0.5510391592979431,0.5311396718025208,1.8443479537963867,0.2893528938293457,0.44174614548683167,1.8445109128952026,0.23561078310012817,0.0,0.0,0.0,0.0,0.0,0.0,0.0,0.0,0.0,0.0,0.0,0.0,0.0,0.0,0.0,0.0,0.0,0.0,0.0,0.0,0.0,0.0,0.0,0.0,0.0,0.0,0.0,0.0,0.0,0.0,0.0,0.0,0.0,0.0,0.0,0.0,0.0,0.0,0.0,0.0,0.0,0.0,0.0,0.0,0.0,0.0,0.0,0.0,0.0,0.0,0.0,0.0,0.0,0.0,0.0,0.0,0.0,0.0,0.0,0.0,0.0,0.0,0.0,0.0,0.0,0.0,0.0,0.0,0.0,0.0,0.0,0.0,0.0,0.0,0.0,0.0,0.0,0.0,0.0,0.0,0.0,0.0,0.0,0.0,0.0,0.0,0.0,0.0,0.0,0.0,0.0,0.0,0.0,0.0,0.0,0.0,0.0,0.0,0.0,0.0,0.0,0.0,0.0,0.0,0.0,0.0,0.0,0.0,0.0,0.0,0.0,0.0,0.0,0.0,0.0,0.0,0.0,0.0,0.0,0.0,0.0,0.0,0.0,0.0,0.0,0.0
0.5047740340232849,0.2646448314189911,-0.5799758434295654,0.5187371969223022,0.23601596057415009,-0.5465236902236938,0.5271254777908325,0.2375304102897644,-0.5468273758888245,0.5354276895523071,0.23977068066596985,-0.546951413154602,0.495155394077301,0.2350109964609146,-0.5466399788856506,0.48884719610214233,0.2358636111021042,-0.5467734932899475,0.48390528559684753,0.2373400330543518,-0.5472142696380615,0.5479897260665894,0.2652842402458191,-0.32238081097602844,0.4761669933795929,0.259978324174881,-0.31312790513038635,0.5204644203186035,0.3048606514930725,-0.49660661816596985,0.489431232213974,0.30150794982910156,-0.49416983127593994,0.607566237449646,0.4896460175514221,-0.17895670235157013,0.41063910722732544,0.4865735173225403,-0.16983146965503693,0.6353971362113953,0.7680421471595764,-0.12545724213123322,0.37090274691581726,0.7664142847061157,-0.1142408475279808,0.6331198811531067,0.9519528746604919,-0.36934563517570496,0.3597950041294098,0.9719858765602112,-0.35684433579444885,0.6402791142463684,1.0370097160339355,-0.43308892846107483,0.3494188189506531,1.0497372150421143,-0.42373397946357727,0.6296190023422241,1.0326329469680786,-0.48386213183403015,0.3613937199115753,1.0490672588348389,-0.49015575647354126,0.6217280626296997,0.9999083280563354,-0.39551225304603577,0.36996108293533325,1.0065059661865234,-0.38969507813453674,0.5634539127349854,1.0026041269302368,-0.037195462733507156,0.43862199783325195,0.9976668953895569,0.03810060769319534,0.5608807802200317,1.3955888748168945,0.05902577191591263,0.4269147515296936,1.3847191333770752,0.09247322380542755,0.5528272390365601,1.733827829360962,0.4936342239379883,0.4247451424598694,1.7290600538253784,0.4141639769077301,0.5545970797538757,1.781139850616455,0.5219138860702515,0.4250187873840332,1.7774378061294556,0.43566977977752686,0.5308495163917542,1.848751425743103,0.2265940010547638,0.43797725439071655,1.8458807468414307,0.12520137429237366,0.0,0.0,0.0,0.0,0.0,0.0,0.0,0.0,0.0,0.0,0.0,0.0,0.0,0.0,0.0,0.0,0.0,0.0,0.0,0.0,0.0,0.0,0.0,0.0,0.0,0.0,0.0,0.0,0.0,0.0,0.0,0.0,0.0,0.0,0.0,0.0,0.0,0.0,0.0,0.0,0.0,0.0,0.0,0.0,0.0,0.0,0.0,0.0,0.0,0.0,0.0,0.0,0.0,0.0,0.0,0.0,0.0,0.0,0.0,0.0,0.0,0.0,0.0,0.0,0.0,0.0,0.0,0.0,0.0,0.0,0.0,0.0,0.0,0.0,0.0,0.0,0.0,0.0,0.0,0.0,0.0,0.0,0.0,0.0,0.0,0.0,0.0,0.0,0.0,0.0,0.0,0.0,0.0,0.0,0.0,0.0,0.0,0.0,0.0,0.0,0.0,0.0,0.0,0.0,0.0,0.0,0.0,0.0,0.0,0.0,0.0,0.0,0.0,0.0,0.0,0.0,0.0,0.0,0.0,0.0,0.0,0.0,0.0,0.0,0.0,0.0
0.5047932267189026,0.26494312286376953,-0.6041356325149536,0.5186630487442017,0.23642171919345856,-0.5710180401802063,0.5270426273345947,0.2379206120967865,-0.5713119506835938,0.5353358387947083,0.23999173939228058,-0.5714412331581116,0.4947958290576935,0.23558413982391357,-0.5732481479644775,0.4879682958126068,0.23655681312084198,-0.5734294652938843,0.4828799366950989,0.23824675381183624,-0.5738732814788818,0.5470260381698608,0.26519879698753357,-0.3445886969566345,0.47405707836151123,0.26097914576530457,-0.34617236256599426,0.5206441283226013,0.3053034842014313,-0.5189694762229919,0.48937666416168213,0.3022300601005554,-0.5197568535804749,0.6070797443389893,0.4894358813762665,-0.19170722365379333,0.4092724919319153,0.4880151152610779,-0.20001773536205292,0.6351619958877563,0.7687181830406189,-0.12295688688755035,0.37186723947525024,0.767719566822052,-0.1227622702717781,0.632887065410614,0.9567244648933411,-0.3618127107620239,0.36391815543174744,0.9744362235069275,-0.3747655153274536,0.6401828527450562,1.0387617349624634,-0.42464131116867065,0.3544721305370331,1.054996371269226,-0.4420904219150543,0.6299575567245483,1.0335988998413086,-0.4781160056591034,0.3675037920475006,1.0544670820236206,-0.5050957202911377,0.6217278242111206,1.001543641090393,-0.3950241208076477,0.3741069734096527,1.0155593156814575,-0.405891478061676,0.5637253522872925,1.0017950534820557,-0.03237612172961235,0.43856295943260193,0.9965997934341431,0.033081550151109695,0.560587465763092,1.393014669418335,0.048929523676633835,0.4270906150341034,1.3812452554702759,0.08425433933734894,0.5554847121238708,1.7304279804229736,0.4700382649898529,0.4269294738769531,1.7242355346679688,0.4155498445034027,0.5574042201042175,1.7773905992507935,0.49540165066719055,0.42754921317100525,1.7718514204025269,0.43845757842063904,0.5359402298927307,1.8431562185287476,0.207355335354805,0.4414730370044708,1.8390306234359741,0.13414409756660461,0.0,0.0,0.0,0.0,0.0,0.0,0.0,0.0,0.0,0.0,0.0,0.0,0.0,0.0,0.0,0.0,0.0,0.0,0.0,0.0,0.0,0.0,0.0,0.0,0.0,0.0,0.0,0.0,0.0,0.0,0.0,0.0,0.0,0.0,0.0,0.0,0.0,0.0,0.0,0.0,0.0,0.0,0.0,0.0,0.0,0.0,0.0,0.0,0.0,0.0,0.0,0.0,0.0,0.0,0.0,0.0,0.0,0.0,0.0,0.0,0.0,0.0,0.0,0.0,0.0,0.0,0.0,0.0,0.0,0.0,0.0,0.0,0.0,0.0,0.0,0.0,0.0,0.0,0.0,0.0,0.0,0.0,0.0,0.0,0.0,0.0,0.0,0.0,0.0,0.0,0.0,0.0,0.0,0.0,0.0,0.0,0.0,0.0,0.0,0.0,0.0,0.0,0.0,0.0,0.0,0.0,0.0,0.0,0.0,0.0,0.0,0.0,0.0,0.0,0.0,0.0,0.0,0.0,0.0,0.0,0.0,0.0,0.0,0.0,0.0,0.0
0.504785418510437,0.2652431130409241,-0.6071614623069763,0.5185173749923706,0.23673400282859802,-0.5739432573318481,0.5268953442573547,0.23820343613624573,-0.5742358565330505,0.5351802110671997,0.24011318385601044,-0.5743386745452881,0.49439144134521484,0.23612138628959656,-0.5771037936210632,0.48705747723579407,0.23725292086601257,-0.5772778391838074,0.4818281829357147,0.2390715777873993,-0.5777251124382019,0.5459541082382202,0.26499301195144653,-0.3474179804325104,0.4724960923194885,0.26185503602027893,-0.35391417145729065,0.5207376480102539,0.30569708347320557,-0.5219832062721252,0.48927149176597595,0.3030955195426941,-0.5242388248443604,0.6066741943359375,0.48932942748069763,-0.1939544528722763,0.4082728922367096,0.48951682448387146,-0.20966626703739166,0.6345292925834656,0.7689448595046997,-0.1182464212179184,0.37261489033699036,0.7739049792289734,-0.1317782998085022,0.6328191757202148,0.9628815650939941,-0.3438117802143097,0.3670515716075897,0.9809398651123047,-0.3801169693470001,0.6399703621864319,1.047800064086914,-0.4021702706813812,0.3590048551559448,1.061377763748169,-0.4466767907142639,0.6295515298843384,1.050711989402771,-0.4624190032482147,0.37237295508384705,1.0604453086853027,-0.5079932808876038,0.6214922666549683,1.0121781826019287,-0.3772117495536804,0.3777981996536255,1.0221258401870728,-0.41013193130493164,0.5637896060943604,1.0016332864761353,-0.028086654841899872,0.4385613799095154,0.9960548877716064,0.02873721346259117,0.5603545308113098,1.3914566040039062,0.04277651757001877,0.42714929580688477,1.3801391124725342,0.06904147565364838,0.5569857358932495,1.7286303043365479,0.45724189281463623,0.42812833189964294,1.722859263420105,0.38470715284347534,0.5591073632240295,1.7753952741622925,0.48205330967903137,0.4287307560443878,1.7703367471694946,0.40591371059417725,0.5387266278266907,1.8402695655822754,0.18880674242973328,0.4438614249229431,1.8361262083053589,0.10598833858966827,0.0,0.0,0.0,0.0,0.0,0.0,0.0,0.0,0.0,0.0,0.0,0.0,0.0,0.0,0.0,0.0,0.0,0.0,0.0,0.0,0.0,0.0,0.0,0.0,0.0,0.0,0.0,0.0,0.0,0.0,0.0,0.0,0.0,0.0,0.0,0.0,0.0,0.0,0.0,0.0,0.0,0.0,0.0,0.0,0.0,0.0,0.0,0.0,0.0,0.0,0.0,0.0,0.0,0.0,0.0,0.0,0.0,0.0,0.0,0.0,0.0,0.0,0.0,0.0,0.0,0.0,0.0,0.0,0.0,0.0,0.0,0.0,0.0,0.0,0.0,0.0,0.0,0.0,0.0,0.0,0.0,0.0,0.0,0.0,0.0,0.0,0.0,0.0,0.0,0.0,0.0,0.0,0.0,0.0,0.0,0.0,0.0,0.0,0.0,0.0,0.0,0.0,0.0,0.0,0.0,0.0,0.0,0.0,0.0,0.0,0.0,0.0,0.0,0.0,0.0,0.0,0.0,0.0,0.0,0.0,0.0,0.0,0.0,0.0,0.0,0.0
