0.4995422959327698,0.28002917766571045,-0.4806657135486603,0.5128003358840942,0.24798129498958588,-0.44520682096481323,0.521169900894165,0.24774488806724548,-0.4455357789993286,0.5268145799636841,0.2488996386528015,-0.4456508755683899,0.4878694713115692,0.2487073540687561,-0.4471060335636139,0.47957643866539,0.2503034770488739,-0.4471976161003113,0.47131723165512085,0.25290951132774353,-0.44759321212768555,0.5369898080825806,0.2678873836994171,-0.2207551896572113,0.46352580189704895,0.2740163505077362,-0.22443681955337524,0.5154014229774475,0.3189338147640228,-0.3963831961154938,0.48454657196998596,0.31857985258102417,-0.3978244960308075,0.5900088548660278,0.476605623960495,-0.08832339942455292,0.40985003113746643,0.4824071228504181,-0.08745156228542328,0.6082562208175659,0.7442788481712341,-0.08123888820409775,0.39216989278793335,0.7550365924835205,-0.04830092191696167,0.6134886145591736,0.9475710988044739,-0.3784000277519226,0.3926122486591339,0.9574568271636963,-0.29422372579574585,0.6237996220588684,1.0138144493103027,-0.4536248743534088,0.38987022638320923,1.0278135538101196,-0.36305806040763855,0.6136362552642822,1.0124543905258179,-0.5105272531509399,0.40177884697914124,1.0197697877883911,-0.42176491022109985,0.606143057346344,0.9852479100227356,-0.4095986783504486,0.40617501735687256,0.9924145936965942,-0.32337552309036255,0.5669983625411987,0.9783631563186646,-0.03530755266547203,0.44996461272239685,0.9836965799331665,0.03617997094988823,0.5648875832557678,1.3525446653366089,-0.056260574609041214,0.44606906175613403,1.336141586303711,0.039613161236047745,0.5685564279556274,1.671475887298584,0.35956668853759766,0.4569967985153198,1.6643030643463135,0.346818745136261,0.5696280598640442,1.7116574048995972,0.38686901330947876,0.457055926322937,1.710524559020996,0.36828261613845825,0.5562402606010437,1.7804521322250366,0.13437049090862274,0.47590065002441406,1.7611780166625977,0.09202143549919128,0.6144295930862427,0.9345194697380066,2.725991876673106e-09,0.6040677428245544,0.9567136764526367,0.003048189217224717,0.6020409464836121,0.9861860275268555,0.0060070171020925045,0.6012117266654968,1.0051369667053223,0.007798518054187298,0.5985679030418396,1.017439365386963,0.009971979074180126,0.6172729134559631,1.005420446395874,0.00905507430434227,0.6134957671165466,1.028746485710144,0.009507809765636921,0.6076062321662903,1.036431908607483,0.00853192899376154,0.6036614775657654,1.0386216640472412,0.00773231266066432,0.6201511025428772,1.0058331489562988,0.007123516406863928,0.6158688068389893,1.0291361808776855,0.008161558769643307,0.6102704405784607,1.0342156887054443,0.007169716991484165,0.6068020462989807,1.0368313789367676,0.006177712231874466,0.6206313967704773,1.0042129755020142,0.0048597753047943115,0.6165472269058228,1.026841163635254,0.005679986905306578,0.6110742092132568,1.0306092500686646,0.00606944365426898,0.6077073812484741,1.0323998928070068,0.006006766110658646,0.6189700961112976,1.001834511756897,0.002591613447293639,0.6157230138778687,1.023276925086975,0.003482287749648094,0.6112282276153564,1.0289859771728516,0.004738761577755213,0.6085127592086792,1.0308070182800293,0.005583959631621838,0.0,0.0,0.0,0.0,0.0,0.0,0.0,0.0,0.0,0.0,0.0,0.0,0.0,0.0,0.0,0.0,0.0,0.0,0.0,0.0,0.0,0.0,0.0,0.0,0.0,0.0,0.0,0.0,0.0,0.0,0.0,0.0,0.0,0.0,0.0,0.0,0.0,0.0,0.0,0.0,0.0,0.0,0.0,0.0,0.0,0.0,0.0,0.0,0.0,0.0,0.0,0.0,0.0,0.0,0.0,0.0,0.0,0.0,0.0,0.0,0.0,0.0,0.0
0.4993034899234772,0.28005439043045044,-0.48167935013771057,0.5127071142196655,0.24800267815589905,-0.44624045491218567,0.5210474729537964,0.24777860939502716,-0.4465636909008026,0.5266383290290833,0.2489815056324005,-0.4466773569583893,0.48772332072257996,0.24871650338172913,-0.44811323285102844,0.4794747531414032,0.25030672550201416,-0.4482015073299408,0.4712105095386505,0.2529011070728302,-0.44859397411346436,0.5369834303855896,0.2680777311325073,-0.22154827415943146,0.463440865278244,0.27399176359176636,-0.2250647246837616,0.5151465535163879,0.31897926330566406,-0.39731088280677795,0.4842778444290161,0.3186044692993164,-0.3987075090408325,0.5899823904037476,0.47654181718826294,-0.08867903053760529,0.4097406268119812,0.4823964536190033,-0.08850076794624329,0.6085044145584106,0.7440546751022339,-0.08128970116376877,0.3921855390071869,0.7550303339958191,-0.04914895445108414,0.6135352849960327,0.9467806220054626,-0.3762134611606598,0.3925663232803345,0.95702064037323,-0.2950316071510315,0.6236981153488159,1.0129077434539795,-0.4514923691749573,0.38980719447135925,1.0273741483688354,-0.3642587661743164,0.6135748624801636,1.011339545249939,-0.5088366866111755,0.4017416536808014,1.0194091796875,-0.4229980707168579,0.6061633229255676,0.9843159914016724,-0.4075123369693756,0.40607938170433044,0.9919842481613159,-0.3242209553718567,0.5670167803764343,0.9784542322158813,-0.03526999056339264,0.44997280836105347,0.9835037589073181,0.03613654151558876,0.5648667216300964,1.3527218103408813,-0.055183716118335724,0.4460222125053406,1.3362953662872314,0.04111820459365845,0.5684662461280823,1.6717243194580078,0.3679390251636505,0.45687368512153625,1.6646720170974731,0.35278668999671936,0.5695037841796875,1.7119461297988892,0.39573776721954346,0.4569365382194519,1.7108309268951416,0.3747089207172394,0.5561338067054749,1.7808787822723389,0.1420656144618988,0.4756956398487091,1.7619409561157227,0.09671226143836975,0.6141160726547241,0.9365790486335754,1.5112634699221417e-08,0.6049637794494629,0.9577654600143433,0.0025844804476946592,0.6029558181762695,0.9862646460533142,0.005020318552851677,0.6016113758087158,1.0045608282089233,0.006376037839800119,0.5991902947425842,1.0176600217819214,0.0081591522321105,0.6175644397735596,1.0030858516693115,0.008121511898934841,0.6138812303543091,1.0261523723602295,0.008269994519650936,0.6080880761146545,1.0342081785202026,0.00719390157610178,0.6040340065956116,1.0364971160888672,0.006408033426851034,0.6199138164520264,1.0035678148269653,0.006378542631864548,0.6158358454704285,1.0264134407043457,0.007196386344730854,0.6103501319885254,1.032021403312683,0.006085132714360952,0.6066852807998657,1.0346453189849854,0.005048749037086964,0.6198680400848389,1.0023159980773926,0.004321587271988392,0.6159435510635376,1.0245925188064575,0.004986901767551899,0.6106341481208801,1.0290194749832153,0.005311619024723768,0.6072205901145935,1.031083583831787,0.005255191121250391,0.6177834272384644,1.000357747077942,0.002245289273560047,0.6144509315490723,1.020997405052185,0.003233137307688594,0.6102108359336853,1.0265653133392334,0.00462338887155056,0.607639491558075,1.0281751155853271,0.005585373379290104,0.0,0.0,0.0,0.0,0.0,0.0,0.0,0.0,0.0,0.0,0.0,0.0,0.0,0.0,0.0,0.0,0.0,0.0,0.0,0.0,0.0,0.0,0.0,0.0,0.0,0.0,0.0,0.0,0.0,0.0,0.0,0.0,0.0,0.0,0.0,0.0,0.0,0.0,0.0,0.0,0.0,0.0,0.0,0.0,0.0,0.0,0.0,0.0,0.0,0.0,0.0,0.0,0.0,0.0,0.0,0.0,0.0,0.0,0.0,0.0,0.0,0.0,0.0
0.4991011321544647,0.280076801776886,-0.48249396681785583,0.5126264691352844,0.248020738363266,-0.4469936192035675,0.5209379196166992,0.2478075623512268,-0.44731566309928894,0.5264894962310791,0.2490503042936325,-0.4474306106567383,0.48759159445762634,0.24872973561286926,-0.4488341510295868,0.4793715178966522,0.2503100633621216,-0.44892290234565735,0.47110334038734436,0.25290095806121826,-0.4493160843849182,0.5369695425033569,0.2682558596134186,-0.22193989157676697,0.463346928358078,0.27398446202278137,-0.22517646849155426,0.5149503946304321,0.31901535391807556,-0.39803582429885864,0.4840545654296875,0.31862661242485046,-0.3994010090827942,0.5899472832679749,0.47644156217575073,-0.0887698382139206,0.4095974862575531,0.48242276906967163,-0.08816410601139069,0.6086782217025757,0.7436813712120056,-0.08092132955789566,0.39221400022506714,0.7551221251487732,-0.047082703560590744,0.6135585904121399,0.9464312791824341,-0.37283211946487427,0.3925629258155823,0.9569494128227234,-0.2915930151939392,0.6234664916992188,1.0121206045150757,-0.4474685490131378,0.3898148238658905,1.027194857597351,-0.36046716570854187,0.6132964491844177,1.0101892948150635,-0.5047414898872375,0.4017327129840851,1.0192856788635254,-0.4195650815963745,0.6060314774513245,0.9836037158966064,-0.4040156602859497,0.4060598611831665,0.9917876124382019,-0.3207928240299225,0.5670435428619385,0.9785646796226501,-0.03554118052124977,0.44998329877853394,0.9835109114646912,0.036395199596881866,0.5649132132530212,1.3528631925582886,-0.05499812588095665,0.44595807790756226,1.3363912105560303,0.04140376299619675,0.5684611797332764,1.6719818115234375,0.3677694499492645,0.45676979422569275,1.6650053262710571,0.3527051508426666,0.569499671459198,1.712262749671936,0.3951493501663208,0.456851065158844,1.7111375331878662,0.3745110332965851,0.5561037063598633,1.7811707258224487,0.14078007638454437,0.4756409823894501,1.7624775171279907,0.09640300273895264,0.0,0.0,0.0,0.0,0.0,0.0,0.0,0.0,0.0,0.0,0.0,0.0,0.0,0.0,0.0,0.0,0.0,0.0,0.0,0.0,0.0,0.0,0.0,0.0,0.0,0.0,0.0,0.0,0.0,0.0,0.0,0.0,0.0,0.0,0.0,0.0,0.0,0.0,0.0,0.0,0.0,0.0,0.0,0.0,0.0,0.0,0.0,0.0,0.0,0.0,0.0,0.0,0.0,0.0,0.0,0.0,0.0,0.0,0.0,0.0,0.0,0.0,0.0,0.0,0.0,0.0,0.0,0.0,0.0,0.0,0.0,0.0,0.0,0.0,0.0,0.0,0.0,0.0,0.0,0.0,0.0,0.0,0.0,0.0,0.0,0.0,0.0,0.0,0.0,0.0,0.0,0.0,0.0,0.0,0.0,0.0,0.0,0.0,0.0,0.0,0.0,0.0,0.0,0.0,0.0,0.0,0.0,0.0,0.0,0.0,0.0,0.0,0.0,0.0,0.0,0.0,0.0,0.0,0.0,0.0,0.0,0.0,0.0,0.0,0.0,0.0
0.4989209771156311,0.28008294105529785,-0.48310667276382446,0.5125581622123718,0.2480291873216629,-0.44756603240966797,0.5208371877670288,0.247825026512146,-0.4478805661201477,0.5263491272926331,0.2490989714860916,-0.4479866325855255,0.48747503757476807,0.24873699247837067,-0.44904571771621704,0.4792725145816803,0.25031304359436035,-0.44913041591644287,0.4710012674331665,0.25289690494537354,-0.4495224952697754,0.5369521379470825,0.2684156894683838,-0.22236843407154083,0.4632640779018402,0.27396905422210693,-0.22613127529621124,0.5147733092308044,0.3190246820449829,-0.3987158536911011,0.48382964730262756,0.3186441659927368,-0.39967766404151917,0.5898915529251099,0.47638583183288574,-0.09110968559980392,0.409402072429657,0.48248228430747986,-0.0895502120256424,0.6088302731513977,0.7434027791023254,-0.08027947694063187,0.3922736942768097,0.755239725112915,-0.04831995815038681,0.6134170889854431,0.9465488791465759,-0.36987340450286865,0.39256566762924194,0.956973135471344,-0.2928527891635895,0.6229605078697205,1.012386679649353,-0.4442480504512787,0.3898578882217407,1.0273549556732178,-0.36189115047454834,0.612736165523529,1.0103733539581299,-0.5016253590583801,0.4017215967178345,1.0194870233535767,-0.42102867364883423,0.6056551337242126,0.9837254285812378,-0.4010743796825409,0.4060732424259186,0.9918292164802551,-0.3220769762992859,0.5670326352119446,0.9786534905433655,-0.035501740872859955,0.4499807357788086,0.9833914041519165,0.03635158762335777,0.5649022459983826,1.3529523611068726,-0.05474293977022171,0.4458922743797302,1.3365076780319214,0.04095356911420822,0.5683783292770386,1.6720871925354004,0.37010160088539124,0.45673683285713196,1.6652122735977173,0.3544197082519531,0.5693778991699219,1.7123723030090332,0.3976908028125763,0.4568037986755371,1.7113271951675415,0.37649306654930115,0.5560293793678284,1.781381607055664,0.14276620745658875,0.4755276143550873,1.7628276348114014,0.09731224179267883,0.614673912525177,0.9277206659317017,-2.4123565367517585e-08,0.6049861907958984,0.9553632736206055,0.0038201487623155117,0.6024505496025085,0.9845887422561646,0.005910506937652826,0.6008943915367126,1.0046759843826294,0.006193813402205706,0.5962231159210205,1.0168553590774536,0.007091621868312359,0.6196621060371399,1.0104308128356934,0.010150752030313015,0.6126742959022522,1.0342077016830444,0.009318018332123756,0.6049290895462036,1.0355441570281982,0.007138734683394432,0.6003596186637878,1.0322575569152832,0.0056214714422822,0.6197357773780823,1.0107879638671875,0.007068091072142124,0.611699104309082,1.0348992347717285,0.006811694707721472,0.6048480272293091,1.0337380170822144,0.004885663278400898,0.6010822057723999,1.0298418998718262,0.0034629092551767826,0.6169919967651367,1.0081192255020142,0.0035738954320549965,0.6085090637207031,1.0319043397903442,0.003641575574874878,0.6023337244987488,1.0306131839752197,0.0037311220075935125,0.5989840626716614,1.0270811319351196,0.0036639415193349123,0.6121281981468201,1.003706932067871,6.667363049928099e-05,0.6042461395263672,1.0251789093017578,0.001352516352199018,0.5989475846290588,1.0266082286834717,0.003109256038442254,0.5963689684867859,1.024113416671753,0.004352525342255831,0.0,0.0,0.0,0.0,0.0,0.0,0.0,0.0,0.0,0.0,0.0,0.0,0.0,0.0,0.0,0.0,0.0,0.0,0.0,0.0,0.0,0.0,0.0,0.0,0.0,0.0,0.0,0.0,0.0,0.0,0.0,0.0,0.0,0.0,0.0,0.0,0.0,0.0,0.0,0.0,0.0,0.0,0.0,0.0,0.0,0.0,0.0,0.0,0.0,0.0,0.0,0.0,0.0,0.0,0.0,0.0,0.0,0.0,0.0,0.0,0.0,0.0,0.0
0.4987514913082123,0.28007975220680237,-0.4833959937095642,0.5124791264533997,0.24802909791469574,-0.44764333963394165,0.5207255482673645,0.24782735109329224,-0.44796022772789,0.5262055993080139,0.2491111159324646,-0.4480689465999603,0.48734939098358154,0.2487412691116333,-0.44951698184013367,0.47915634512901306,0.2503132224082947,-0.44960087537765503,0.4708797335624695,0.25289157032966614,-0.4499914348125458,0.5369284749031067,0.26849982142448425,-0.2227698415517807,0.4631653428077698,0.2739599943161011,-0.22690962255001068,0.5146370530128479,0.31903141736984253,-0.3989463448524475,0.4836205244064331,0.31866440176963806,-0.4000396132469177,0.5898960828781128,0.47635340690612793,-0.09192166477441788,0.409250944852829,0.4825000762939453,-0.08949510753154755,0.6089199185371399,0.743189811706543,-0.07984612882137299,0.3922998011112213,0.7553139925003052,-0.04594917222857475,0.6133004426956177,0.9465508460998535,-0.36917558312416077,0.39256346225738525,0.956963300704956,-0.28879794478416443,0.6224619150161743,1.0122380256652832,-0.44383811950683594,0.389880508184433,1.027375340461731,-0.35742685198783875,0.612269937992096,1.010129451751709,-0.5005565881729126,0.4017100930213928,1.0195505619049072,-0.4165613055229187,0.6053740978240967,0.9836191534996033,-0.39983540773391724,0.40608057379722595,0.9918370842933655,-0.31787633895874023,0.5670069456100464,0.9787581562995911,-0.03568599000573158,0.44995561242103577,0.9833632707595825,0.03652748093008995,0.5648953914642334,1.3530305624008179,-0.05451541393995285,0.4457150399684906,1.3366796970367432,0.041772715747356415,0.5683054327964783,1.6716872453689575,0.3762425482273102,0.4567126929759979,1.664554238319397,0.36198940873146057,0.5692504644393921,1.7118176221847534,0.404660165309906,0.4567627012729645,1.7103767395019531,0.38488760590553284,0.5559881329536438,1.7810181379318237,0.15027830004692078,0.4754370450973511,1.7622177600860596,0.10659142583608627,0.0,0.0,0.0,0.0,0.0,0.0,0.0,0.0,0.0,0.0,0.0,0.0,0.0,0.0,0.0,0.0,0.0,0.0,0.0,0.0,0.0,0.0,0.0,0.0,0.0,0.0,0.0,0.0,0.0,0.0,0.0,0.0,0.0,0.0,0.0,0.0,0.0,0.0,0.0,0.0,0.0,0.0,0.0,0.0,0.0,0.0,0.0,0.0,0.0,0.0,0.0,0.0,0.0,0.0,0.0,0.0,0.0,0.0,0.0,0.0,0.0,0.0,0.0,0.6144805550575256,0.9326651096343994,1.7570878085848562e-08,0.6038886308670044,0.9569440484046936,0.002844687318429351,0.6021506190299988,0.9865759611129761,0.005435170605778694,0.6012158393859863,1.0062494277954102,0.006737939547747374,0.5979992151260376,1.0195244550704956,0.008399144746363163,0.6178798675537109,1.007548451423645,0.009973345324397087,0.6137434244155884,1.0308665037155151,0.010198003612458706,0.6071723699569702,1.0394116640090942,0.008630398660898209,0.6028093099594116,1.0427494049072266,0.0074126701802015305,0.620266318321228,1.0080888271331787,0.00794955249875784,0.6155687570571899,1.0322754383087158,0.008878784254193306,0.6093762516975403,1.0377525091171265,0.007274112198501825,0.6055218577384949,1.0409371852874756,0.005836432334035635,0.6202945709228516,1.006607174873352,0.005505726672708988,0.6156201958656311,1.0302428007125854,0.006331655662506819,0.6097428202629089,1.0345211029052734,0.0064677102491259575,0.6061069369316101,1.0368657112121582,0.006235347129404545,0.6182460188865662,1.0041574239730835,0.0029861016664654016,0.614536702632904,1.0267415046691895,0.004191877786070108,0.6098475456237793,1.0327123403549194,0.0056634084321558475,0.6071988344192505,1.0350065231323242,0.006651967763900757
0.49864235520362854,0.2800748944282532,-0.4836544990539551,0.5124285221099854,0.24802957475185394,-0.4481297731399536,0.5206423997879028,0.24783149361610413,-0.448448121547699,0.5260913968086243,0.24912892282009125,-0.4485589563846588,0.4872733950614929,0.24874524772167206,-0.45010629296302795,0.4790891110897064,0.25031375885009766,-0.4501926004886627,0.4708085060119629,0.25288620591163635,-0.4505835473537445,0.5369002223014832,0.26858383417129517,-0.22324882447719574,0.46309375762939453,0.27395302057266235,-0.22732263803482056,0.5145405530929565,0.31903600692749023,-0.3993011713027954,0.48347723484039307,0.3186832368373871,-0.40052977204322815,0.5899134874343872,0.47631755471229553,-0.09197043627500534,0.40908002853393555,0.48254841566085815,-0.08996478468179703,0.609018862247467,0.742932140827179,-0.07205558568239212,0.3923310339450836,0.7555859088897705,-0.04611584171652794,0.6132282614707947,0.9464593529701233,-0.3519529104232788,0.3925774395465851,0.9571232795715332,-0.28843018412590027,0.6222222447395325,1.0119088888168335,-0.4253511130809784,0.3899313807487488,1.0277525186538696,-0.35734328627586365,0.6121120452880859,1.009666919708252,-0.48241153359413147,0.4017104506492615,1.0200188159942627,-0.41614195704460144,0.605293333530426,0.9833623766899109,-0.3826630413532257,0.4061039984226227,0.9920783042907715,-0.3173002302646637,0.5669988989830017,0.97883141040802,-0.035591382533311844,0.4499555230140686,0.9832012057304382,0.036434147506952286,0.5648875832557678,1.3528916835784912,-0.048383358865976334,0.44568684697151184,1.3368117809295654,0.044018447399139404,0.5682648420333862,1.671156406402588,0.3852449655532837,0.4566395878791809,1.6644164323806763,0.36705249547958374,0.5691843628883362,1.7112237215042114,0.4139493703842163,0.4567054808139801,1.7100646495819092,0.39028793573379517,0.5559409856796265,1.7805194854736328,0.1599472165107727,0.4753979742527008,1.762291431427002,0.11157269775867462,0.6144528985023499,0.9352610111236572,1.1986453607448766e-08,0.6047340631484985,0.9576766490936279,0.0029113246127963066,0.6029837727546692,0.9869880676269531,0.005779106169939041,0.6019801497459412,1.0059179067611694,0.007454423699527979,0.5994449853897095,1.0188143253326416,0.009537115693092346,0.6181685328483582,1.0057129859924316,0.009256605990231037,0.613886833190918,1.0288974046707153,0.009540836326777935,0.6076202392578125,1.0372662544250488,0.008397752419114113,0.6034621596336365,1.0401270389556885,0.0075121186673641205,0.6201933026313782,1.0065423250198364,0.0073211598210036755,0.6154826879501343,1.029906988143921,0.008178170770406723,0.6096330285072327,1.0356227159500122,0.007039294578135014,0.6058976054191589,1.0386877059936523,0.005980206187814474,0.6198434829711914,1.0053582191467285,0.004997353535145521,0.6153252124786377,1.027961254119873,0.0056405761279165745,0.6096950173377991,1.0324201583862305,0.005944725591689348,0.6061359643936157,1.0348764657974243,0.005860941484570503,0.6173982620239258,1.003363847732544,0.0026452774181962013,0.6137896776199341,1.024674892425537,0.0033914700616151094,0.6092755794525146,1.0306395292282104,0.0046128444373607635,0.6065196394920349,1.032796859741211,0.005470401141792536,0.0,0.0,0.0,0.0,0.0,0.0,0.0,0.0,0.0,0.0,0.0,0.0,0.0,0.0,0.0,0.0,0.0,0.0,0.0,0.0,0.0,0.0,0.0,0.0,0.0,0.0,0.0,0.0,0.0,0.0,0.0,0.0,0.0,0.0,0.0,0.0,0.0,0.0,0.0,0.0,0.0,0.0,0.0,0.0,0.0,0.0,0.0,0.0,0.0,0.0,0.0,0.0,0.0,0.0,0.0,0.0,0.0,0.0,0.0,0.0,0.0,0.0,0.0
0.49853336811065674,0.280068576335907,-0.48299044370651245,0.5123655200004578,0.24802975356578827,-0.44726088643074036,0.5205527544021606,0.2478342354297638,-0.4475744664669037,0.5259782075881958,0.2491421103477478,-0.44768527150154114,0.4871906042098999,0.24874897301197052,-0.4490915834903717,0.47901681065559387,0.2503146231174469,-0.44917598366737366,0.47073477506637573,0.25288301706314087,-0.4495658576488495,0.5368715524673462,0.268652081489563,-0.22183634340763092,0.4630367159843445,0.2739464342594147,-0.22551776468753815,0.5144460797309875,0.31903699040412903,-0.3984657824039459,0.48334261775016785,0.3187001049518585,-0.39969339966773987,0.5899327993392944,0.4762952923774719,-0.08975542336702347,0.4090365469455719,0.4825473427772522,-0.08874760568141937,0.6090494990348816,0.7423734664916992,-0.0620301179587841,0.39235547184944153,0.7556796073913574,-0.04375094920396805,0.6132135391235352,0.9460795521736145,-0.33391284942626953,0.39257603883743286,0.9569699764251709,-0.2834230363368988,0.622115433216095,1.011323094367981,-0.40551936626434326,0.38994139432907104,1.0276614427566528,-0.3520931601524353,0.6120568513870239,1.0090203285217285,-0.4629982113838196,0.4017120897769928,1.0199910402297974,-0.409859299659729,0.6052711009979248,0.9828303456306458,-0.36459407210350037,0.406136155128479,0.9920423626899719,-0.31176644563674927,0.5670028924942017,0.9787238240242004,-0.035341959446668625,0.44995561242103577,0.9826643466949463,0.03617803752422333,0.5648794174194336,1.3523532152175903,-0.04605783894658089,0.4456607401371002,1.3366997241973877,0.04325884208083153,0.568240225315094,1.6698788404464722,0.38327035307884216,0.4565800130367279,1.6632474660873413,0.3622229993343353,0.5691418051719666,1.7098902463912964,0.4115624725818634,0.4566843807697296,1.7086299657821655,0.38488683104515076,0.5559196472167969,1.7790651321411133,0.1588766723871231,0.4754260778427124,1.7612143754959106,0.10693559795618057,0.0,0.0,0.0,0.0,0.0,0.0,0.0,0.0,0.0,0.0,0.0,0.0,0.0,0.0,0.0,0.0,0.0,0.0,0.0,0.0,0.0,0.0,0.0,0.0,0.0,0.0,0.0,0.0,0.0,0.0,0.0,0.0,0.0,0.0,0.0,0.0,0.0,0.0,0.0,0.0,0.0,0.0,0.0,0.0,0.0,0.0,0.0,0.0,0.0,0.0,0.0,0.0,0.0,0.0,0.0,0.0,0.0,0.0,0.0,0.0,0.0,0.0,0.0,0.0,0.0,0.0,0.0,0.0,0.0,0.0,0.0,0.0,0.0,0.0,0.0,0.0,0.0,0.0,0.0,0.0,0.0,0.0,0.0,0.0,0.0,0.0,0.0,0.0,0.0,0.0,0.0,0.0,0.0,0.0,0.0,0.0,0.0,0.0,0.0,0.0,0.0,0.0,0.0,0.0,0.0,0.0,0.0,0.0,0.0,0.0,0.0,0.0,0.0,0.0,0.0,0.0,0.0,0.0,0.0,0.0,0.0,0.0,0.0,0.0,0.0,0.0
0.4984510838985443,0.28005799651145935,-0.4833334982395172,0.5123134851455688,0.24802780151367188,-0.4475799798965454,0.5204769372940063,0.24783633649349213,-0.4478936195373535,0.5258798003196716,0.24915076792240143,-0.4480057656764984,0.4871237874031067,0.24875189363956451,-0.4494171142578125,0.47895848751068115,0.25031089782714844,-0.44950202107429504,0.470675528049469,0.25287339091300964,-0.4498923718929291,0.5368428826332092,0.26870405673980713,-0.22188065946102142,0.4629876911640167,0.2739284336566925,-0.22561238706111908,0.5143681764602661,0.3190370798110962,-0.3987007737159729,0.48323461413383484,0.31871482729911804,-0.3999786972999573,0.5899257659912109,0.4762064516544342,-0.08942236006259918,0.4090045690536499,0.48255088925361633,-0.08865293860435486,0.6091295480728149,0.7415465116500854,-0.0590064600110054,0.39244046807289124,0.7557149529457092,-0.04338645562529564,0.6132107973098755,0.9456447958946228,-0.32906827330589294,0.3925747871398926,0.9569268226623535,-0.2824390232563019,0.622032880783081,1.0107367038726807,-0.4001789093017578,0.38994401693344116,1.0276237726211548,-0.3508777618408203,0.6120200753211975,1.0084409713745117,-0.45778220891952515,0.4017038941383362,1.0200027227401733,-0.40871667861938477,0.6052588820457458,0.9823440909385681,-0.35983049869537354,0.4061339497566223,0.9920365810394287,-0.3108271658420563,0.5670090913772583,0.9785140156745911,-0.035321176052093506,0.44998109340667725,0.9821799993515015,0.03615399822592735,0.5648877620697021,1.351667881011963,-0.04580683633685112,0.4456164240837097,1.3365460634231567,0.04277251660823822,0.568250298500061,1.6689667701721191,0.3808286488056183,0.4566260874271393,1.6626849174499512,0.3594883382320404,0.5691483616828918,1.708994746208191,0.4087804853916168,0.45681032538414,1.7079778909683228,0.3818538784980774,0.5559312105178833,1.7780214548110962,0.1556088626384735,0.4756282866001129,1.76070237159729,0.10374929010868073,0.6149806380271912,0.9284437894821167,-1.5178274637150935e-08,0.6046553254127502,0.9557064175605774,0.0031666294671595097,0.60187828540802,0.9846304059028625,0.005005321931093931,0.6004720330238342,1.0047727823257446,0.005276024807244539,0.5961779356002808,1.0169137716293335,0.006129484158009291,0.6189636588096619,1.0101956129074097,0.009186903014779091,0.6118038296699524,1.0337517261505127,0.008373411372303963,0.6044094562530518,1.0354989767074585,0.006274036131799221,0.6001884937286377,1.0328797101974487,0.004805265925824642,0.6198710203170776,1.0104097127914429,0.006567392032593489,0.6117525100708008,1.034156084060669,0.006439912132918835,0.6052908301353455,1.0330345630645752,0.004614578559994698,0.6019105315208435,1.0297348499298096,0.0031890985555946827,0.6181114315986633,1.0076308250427246,0.0035407226532697678,0.6097738742828369,1.031219720840454,0.0036760824732482433,0.6040984392166138,1.0300886631011963,0.0038481985684484243,0.6011953353881836,1.0269372463226318,0.0037908898666501045,0.6143672466278076,1.0032627582550049,0.00048050054465420544,0.6069690585136414,1.0244920253753662,0.0018077900167554617,0.6019832491874695,1.0261365175247192,0.0036250785924494267,0.5996876955032349,1.0240874290466309,0.004895898047834635,0.0,0.0,0.0,0.0,0.0,0.0,0.0,0.0,0.0,0.0,0.0,0.0,0.0,0.0,0.0,0.0,0.0,0.0,0.0,0.0,0.0,0.0,0.0,0.0,0.0,0.0,0.0,0.0,0.0,0.0,0.0,0.0,0.0,0.0,0.0,0.0,0.0,0.0,0.0,0.0,0.0,0.0,0.0,0.0,0.0,0.0,0.0,0.0,0.0,0.0,0.0,0.0,0.0,0.0,0.0,0.0,0.0,0.0,0.0,0.0,0.0,0.0,0.0
0.4983539581298828,0.2800498902797699,-0.48347947001457214,0.5122597813606262,0.24802543222904205,-0.4477543234825134,0.5204066634178162,0.24783830344676971,-0.4480656683444977,0.5257881283760071,0.24916240572929382,-0.44817978143692017,0.4870421588420868,0.24875383079051971,-0.44963791966438293,0.478882372379303,0.25030532479286194,-0.4497259557247162,0.4705946147441864,0.2528628706932068,-0.4501161277294159,0.5368270874023438,0.2687806487083435,-0.22203166782855988,0.4629286527633667,0.2739098072052002,-0.22570063173770905,0.5142806768417358,0.319039911031723,-0.39877980947494507,0.4831100404262543,0.31872716546058655,-0.40012216567993164,0.5899234414100647,0.4761945307254791,-0.08941397070884705,0.4089897572994232,0.48256582021713257,-0.08884274214506149,0.6091163754463196,0.7414200305938721,-0.060003917664289474,0.39255648851394653,0.7559016346931458,-0.04407478868961334,0.6131991744041443,0.9456151723861694,-0.33293378353118896,0.39260098338127136,0.9569324851036072,-0.28256601095199585,0.6219900250434875,1.010830044746399,-0.40448394417762756,0.3899725675582886,1.0277005434036255,-0.35156717896461487,0.6120088696479797,1.0085322856903076,-0.4621751606464386,0.401700496673584,1.020229697227478,-0.4097290337085724,0.6052488088607788,0.9823538064956665,-0.3638223707675934,0.4061580300331116,0.992118239402771,-0.3110324740409851,0.5670963525772095,0.9784907698631287,-0.035250306129455566,0.45003020763397217,0.98209148645401,0.03608309105038643,0.5651492476463318,1.3516758680343628,-0.043891433626413345,0.4457571804523468,1.3368498086929321,0.04341161996126175,0.5685603618621826,1.6690632104873657,0.3802885115146637,0.45692190527915955,1.6630860567092896,0.3592900037765503,0.569502055644989,1.709104299545288,0.4079116880893707,0.45718294382095337,1.7083054780960083,0.3815899193286896,0.5561906695365906,1.7781317234039307,0.15366099774837494,0.4762129485607147,1.7614277601242065,0.10246971994638443,0.0,0.0,0.0,0.0,0.0,0.0,0.0,0.0,0.0,0.0,0.0,0.0,0.0,0.0,0.0,0.0,0.0,0.0,0.0,0.0,0.0,0.0,0.0,0.0,0.0,0.0,0.0,0.0,0.0,0.0,0.0,0.0,0.0,0.0,0.0,0.0,0.0,0.0,0.0,0.0,0.0,0.0,0.0,0.0,0.0,0.0,0.0,0.0,0.0,0.0,0.0,0.0,0.0,0.0,0.0,0.0,0.0,0.0,0.0,0.0,0.0,0.0,0.0,0.6143286228179932,0.9333245754241943,2.6590946333726606e-08,0.6036662459373474,0.9569429755210876,0.001910709892399609,0.6021681427955627,0.9861379265785217,0.0040250676684081554,0.6015684604644775,1.0059638023376465,0.005119002889841795,0.5983235836029053,1.0192639827728271,0.006635721772909164,0.6180812120437622,1.0062147378921509,0.008480902761220932,0.6135026216506958,1.029897689819336,0.008529528975486755,0.6066869497299194,1.0382214784622192,0.007010908331722021,0.6022503972053528,1.0411946773529053,0.005895123817026615,0.6209294199943542,1.006720781326294,0.007019443903118372,0.6159507632255554,1.0311788320541382,0.007856965996325016,0.6095004677772522,1.036669135093689,0.00637061707675457,0.6054176092147827,1.0398098230361938,0.0050315093249082565,0.6212049722671509,1.005315899848938,0.005146701820194721,0.6164453625679016,1.02936851978302,0.005899340845644474,0.6103339195251465,1.0340242385864258,0.0060112616047263145,0.6064733862876892,1.0366601943969727,0.005806413944810629,0.6193224191665649,1.002957820892334,0.003162379376590252,0.6155908703804016,1.0259251594543457,0.00452736672013998,0.6107230186462402,1.032153606414795,0.006121413316577673,0.6079390048980713,1.0345730781555176,0.007205240428447723
0.4982623755931854,0.28002673387527466,-0.48490628600120544,0.5122120976448059,0.24802140891551971,-0.44893404841423035,0.520343005657196,0.24784012138843536,-0.44924911856651306,0.5257077217102051,0.2491759955883026,-0.4493635892868042,0.4869729280471802,0.24875281751155853,-0.4507463276386261,0.4788169264793396,0.2502938210964203,-0.450827956199646,0.4705258905887604,0.25284576416015625,-0.4512196183204651,0.5368144512176514,0.26884832978248596,-0.22220398485660553,0.46287423372268677,0.27388590574264526,-0.2257496863603592,0.5141878724098206,0.31904128193855286,-0.39983731508255005,0.48298054933547974,0.3187388777732849,-0.40110722184181213,0.5899196863174438,0.47619137167930603,-0.0895870178937912,0.4089554250240326,0.4825790524482727,-0.08898560702800751,0.6089887022972107,0.7413520216941833,-0.05944601446390152,0.3926716148853302,0.7560778260231018,-0.04453294724225998,0.6131450533866882,0.9455922842025757,-0.33270809054374695,0.3926072418689728,0.9569256901741028,-0.2837483286857605,0.6218850612640381,1.0108965635299683,-0.40430739521980286,0.38994184136390686,1.0276960134506226,-0.35270845890045166,0.6119449138641357,1.0085954666137695,-0.46215638518333435,0.40167146921157837,1.020250916481018,-0.410744309425354,0.6052006483078003,0.9823748469352722,-0.3637005090713501,0.40614476799964905,0.9921157360076904,-0.3122328519821167,0.5671030282974243,0.9785065650939941,-0.035201650112867355,0.450027734041214,0.981902539730072,0.036036062985658646,0.5651465654373169,1.351680040359497,-0.04135352373123169,0.44573840498924255,1.3369680643081665,0.04561687633395195,0.5685350894927979,1.6691009998321533,0.38748687505722046,0.45690810680389404,1.6631574630737305,0.36753401160240173,0.5694776177406311,1.7091549634933472,0.4156813621520996,0.4571678340435028,1.708410382270813,0.39068952202796936,0.5561354756355286,1.7781925201416016,0.1602882444858551,0.4761959910392761,1.761500358581543,0.11026305705308914,0.0,0.0,0.0,0.0,0.0,0.0,0.0,0.0,0.0,0.0,0.0,0.0,0.0,0.0,0.0,0.0,0.0,0.0,0.0,0.0,0.0,0.0,0.0,0.0,0.0,0.0,0.0,0.0,0.0,0.0,0.0,0.0,0.0,0.0,0.0,0.0,0.0,0.0,0.0,0.0,0.0,0.0,0.0,0.0,0.0,0.0,0.0,0.0,0.0,0.0,0.0,0.0,0.0,0.0,0.0,0.0,0.0,0.0,0.0,0.0,0.0,0.0,0.0,0.0,0.0,0.0,0.0,0.0,0.0,0.0,0.0,0.0,0.0,0.0,0.0,0.0,0.0,0.0,0.0,0.0,0.0,0.0,0.0,0.0,0.0,0.0,0.0,0.0,0.0,0.0,0.0,0.0,0.0,0.0,0.0,0.0,0.0,0.0,0.0,0.0,0.0,0.0,0.0,0.0,0.0,0.0,0.0,0.0,0.0,0.0,0.0,0.0,0.0,0.0,0.0,0.0,0.0,0.0,0.0,0.0,0.0,0.0,0.0,0.0,0.0,0.0
0.4981698989868164,0.2800004184246063,-0.4850539267063141,0.512168824672699,0.2480170577764511,-0.4490987956523895,0.5202866792678833,0.24784192442893982,-0.4494132995605469,0.5256409049034119,0.24919137358665466,-0.4495278596878052,0.48691022396087646,0.24874982237815857,-0.4509435296058655,0.4787607491016388,0.2502792179584503,-0.45102569460868835,0.4704706072807312,0.25282496213912964,-0.4514174163341522,0.5368068814277649,0.2689015567302704,-0.222359761595726,0.4628331959247589,0.27384161949157715,-0.22585417330265045,0.5140944719314575,0.3190416693687439,-0.39995911717414856,0.4828524887561798,0.3187485635280609,-0.401287704706192,0.5899111032485962,0.4761856198310852,-0.08979133516550064,0.408950537443161,0.48258474469184875,-0.08907590061426163,0.6089252233505249,0.7413281202316284,-0.06070057302713394,0.392790824174881,0.7561390995979309,-0.044862646609544754,0.6131241917610168,0.9455511569976807,-0.3347828984260559,0.39261066913604736,0.9568898677825928,-0.2840038537979126,0.6218746900558472,1.010959506034851,-0.4068532884120941,0.389901340007782,1.0276888608932495,-0.3530711531639099,0.6119324564933777,1.0086684226989746,-0.46430253982543945,0.4016518294811249,1.0202631950378418,-0.41165438294410706,0.605186402797699,0.9824090003967285,-0.36561018228530884,0.40614065527915955,0.9920943379402161,-0.3127177357673645,0.567106306552887,0.9785172343254089,-0.035220760852098465,0.450019508600235,0.9817031025886536,0.03605064004659653,0.5650606751441956,1.3516883850097656,-0.040556371212005615,0.44557079672813416,1.3371127843856812,0.047351446002721786,0.5683555603027344,1.6691575050354004,0.3857493996620178,0.4567314088344574,1.663252830505371,0.36746013164520264,0.569317102432251,1.7092164754867554,0.41365846991539,0.45701029896736145,1.7084558010101318,0.3903738558292389,0.5558651089668274,1.778265357017517,0.1582646667957306,0.4761432707309723,1.7617014646530151,0.11017816513776779,0.6148535013198853,0.9289568662643433,-2.729046322258455e-08,0.6043037176132202,0.9563966393470764,0.0030525201000273228,0.6018297076225281,0.9855507612228394,0.005010766442865133,0.6006394624710083,1.0054808855056763,0.005286033730953932,0.5968238711357117,1.0171431303024292,0.006213017739355564,0.6196457147598267,1.0128804445266724,0.009732989594340324,0.6114058494567871,1.0358554124832153,0.008697391487658024,0.6040317416191101,1.034574031829834,0.006309997756034136,0.6003957390785217,1.0297913551330566,0.0046579549089074135,0.6202375888824463,1.0133293867111206,0.006966969929635525,0.6106725931167603,1.036360502243042,0.006415727082639933,0.6044427752494812,1.0318877696990967,0.00421770429238677,0.6020190715789795,1.0259404182434082,0.0026950824540108442,0.6180251836776733,1.010629415512085,0.0037194734904915094,0.6080376505851746,1.0330778360366821,0.003588227555155754,0.6027942895889282,1.028332233428955,0.0035089957527816296,0.6010163426399231,1.0225179195404053,0.003371843136847019,0.614054262638092,1.006312370300293,0.0003996634914074093,0.6053425073623657,1.0260502099990845,0.001763579435646534,0.600962221622467,1.0232915878295898,0.003570294938981533,0.5996209383010864,1.0177586078643799,0.004811034072190523,0.0,0.0,0.0,0.0,0.0,0.0,0.0,0.0,0.0,0.0,0.0,0.0,0.0,0.0,0.0,0.0,0.0,0.0,0.0,0.0,0.0,0.0,0.0,0.0,0.0,0.0,0.0,0.0,0.0,0.0,0.0,0.0,0.0,0.0,0.0,0.0,0.0,0.0,0.0,0.0,0.0,0.0,0.0,0.0,0.0,0.0,0.0,0.0,0.0,0.0,0.0,0.0,0.0,0.0,0.0,0.0,0.0,0.0,0.0,0.0,0.0,0.0,0.0
0.4980830252170563,0.2799750864505768,-0.48472902178764343,0.5121385455131531,0.2480102777481079,-0.4486978352069855,0.5202470421791077,0.2478431761264801,-0.44901910424232483,0.5255979299545288,0.2492034137248993,-0.44913408160209656,0.48684951663017273,0.2487439215183258,-0.45030707120895386,0.47870251536369324,0.25026097893714905,-0.45038583874702454,0.4704119861125946,0.2528010606765747,-0.45078182220458984,0.5368071794509888,0.2689579725265503,-0.22188813984394073,0.46278753876686096,0.2737951874732971,-0.2239767462015152,0.5140117406845093,0.31904280185699463,-0.3997378349304199,0.48271802067756653,0.31875717639923096,-0.40078580379486084,0.5899068713188171,0.47620368003845215,-0.08991404622793198,0.40894317626953125,0.4826153814792633,-0.08776816725730896,0.6088426113128662,0.7414926290512085,-0.0659986212849617,0.39285674691200256,0.7563439011573792,-0.04379967227578163,0.6130534410476685,0.9455950260162354,-0.3484419286251068,0.3926146626472473,0.9568824768066406,-0.2846153676509857,0.6218109130859375,1.0115011930465698,-0.42138975858688354,0.3898769021034241,1.0276774168014526,-0.35362109541893005,0.6118598580360413,1.0092425346374512,-0.4777834713459015,0.4016259014606476,1.0202747583389282,-0.41225531697273254,0.605090856552124,0.9826763868331909,-0.3791341185569763,0.40613070130348206,0.9920772910118103,-0.31339868903160095,0.56709223985672,0.9788997173309326,-0.03562018647789955,0.44993722438812256,0.9817424416542053,0.03644412010908127,0.564863383769989,1.3521696329116821,-0.040942173451185226,0.44518470764160156,1.3378119468688965,0.04799693077802658,0.5681284666061401,1.6695537567138672,0.38527101278305054,0.4563823342323303,1.6634784936904907,0.3672741949558258,0.5691241025924683,1.7096210718154907,0.4131455421447754,0.4566279649734497,1.7085938453674316,0.3901596963405609,0.5555549263954163,1.7785851955413818,0.15790747106075287,0.47605687379837036,1.7619837522506714,0.11041593551635742,0.0,0.0,0.0,0.0,0.0,0.0,0.0,0.0,0.0,0.0,0.0,0.0,0.0,0.0,0.0,0.0,0.0,0.0,0.0,0.0,0.0,0.0,0.0,0.0,0.0,0.0,0.0,0.0,0.0,0.0,0.0,0.0,0.0,0.0,0.0,0.0,0.0,0.0,0.0,0.0,0.0,0.0,0.0,0.0,0.0,0.0,0.0,0.0,0.0,0.0,0.0,0.0,0.0,0.0,0.0,0.0,0.0,0.0,0.0,0.0,0.0,0.0,0.0,0.6143825054168701,0.9336066842079163,1.69300022889729e-08,0.6035295724868774,0.9564334750175476,0.0019747389014810324,0.6019089221954346,0.9855895638465881,0.004329322837293148,0.6013942360877991,1.005246639251709,0.005672641564160585,0.5982555747032166,1.018633246421814,0.007380995899438858,0.6167287826538086,1.00776207447052,0.008860167115926743,0.6128296852111816,1.0313100814819336,0.009405408054590225,0.6069081425666809,1.039673924446106,0.008189722895622253,0.6032088994979858,1.0431947708129883,0.007172268815338612,0.6198291778564453,1.008682370185852,0.007468829862773418,0.6154388189315796,1.0327309370040894,0.0086734090000391,0.6097557544708252,1.0376712083816528,0.007286419160664082,0.6064724922180176,1.0405739545822144,0.005974369589239359,0.6205446124076843,1.00728178024292,0.005667546298354864,0.616320013999939,1.030792474746704,0.006744621321558952,0.6109569072723389,1.0346592664718628,0.006842676550149918,0.6078331470489502,1.0367498397827148,0.006519353948533535,0.6192604899406433,1.0048655271530151,0.003765292000025511,0.6160864233970642,1.0268726348876953,0.005153981503099203,0.6117783188819885,1.032804250717163,0.006550898309797049,0.6094540953636169,1.0351893901824951,0.007442096248269081
0.49799591302871704,0.27996939420700073,-0.48494645953178406,0.5120944380760193,0.24801099300384521,-0.44885337352752686,0.5201987028121948,0.24785639345645905,-0.449177622795105,0.5255468487739563,0.24924813210964203,-0.4492923319339752,0.48679301142692566,0.2487431913614273,-0.450409859418869,0.4786539077758789,0.25025203824043274,-0.45048588514328003,0.4703637659549713,0.25278618931770325,-0.45088306069374084,0.536804735660553,0.26908078789711,-0.22198864817619324,0.4627576768398285,0.27376264333724976,-0.22417308390140533,0.5139121413230896,0.31904980540275574,-0.3998945355415344,0.48260119557380676,0.31876397132873535,-0.4008620083332062,0.5898860692977905,0.4762040972709656,-0.08995614945888519,0.40893617272377014,0.48262107372283936,-0.08790525048971176,0.6087835431098938,0.7415037155151367,-0.066613107919693,0.3928993046283722,0.7563801407814026,-0.043991271406412125,0.6130293011665344,0.9455900192260742,-0.3500060439109802,0.3926234245300293,0.9568642973899841,-0.2860364019870758,0.6217966675758362,1.0116357803344727,-0.42320021986961365,0.3899043798446655,1.027592658996582,-0.3553917706012726,0.6118026971817017,1.009291648864746,-0.48002463579177856,0.4016086459159851,1.0202538967132568,-0.4145785868167877,0.6050344705581665,0.9826971888542175,-0.38081833720207214,0.40612417459487915,0.9920184016227722,-0.3150555491447449,0.5670926570892334,0.9789116978645325,-0.03564317151904106,0.44993269443511963,0.9817248582839966,0.036462798714637756,0.5648626685142517,1.3521809577941895,-0.04029367119073868,0.44516271352767944,1.338067889213562,0.04953239485621452,0.5681080222129822,1.669577956199646,0.3857736885547638,0.4563543498516083,1.6636955738067627,0.37023475766181946,0.5691102147102356,1.7096612453460693,0.41358011960983276,0.456590473651886,1.7087743282318115,0.3932981491088867,0.5554778575897217,1.77864408493042,0.1576194316148758,0.4760391414165497,1.7623858451843262,0.11274491250514984,0.6140809655189514,0.9360750317573547,4.424924870960467e-09,0.605517566204071,0.9582626819610596,0.0028734193183481693,0.6041770577430725,0.9868281483650208,0.005435559898614883,0.6032419800758362,1.0056202411651611,0.006750317756086588,0.6003748178482056,1.0186325311660767,0.008464714512228966,0.6184127926826477,1.0052859783172607,0.00871923379600048,0.6141484379768372,1.0288093090057373,0.008841227740049362,0.6080143451690674,1.03566575050354,0.007638785522431135,0.6041157245635986,1.0371421575546265,0.0067367241717875,0.6199921369552612,1.006202220916748,0.006741682533174753,0.6153584122657776,1.0295652151107788,0.0074854204431176186,0.6096136569976807,1.0335460901260376,0.00621321564540267,0.6061937808990479,1.0346945524215698,0.0050513120368123055,0.6191701889038086,1.004955768585205,0.00442001735791564,0.6146984696388245,1.0275700092315674,0.0050455257296562195,0.6092142462730408,1.0301519632339478,0.005221696104854345,0.6059739589691162,1.03049898147583,0.005031054839491844,0.616422712802887,1.0027769804000854,0.0021015452221035957,0.6127094030380249,1.0236144065856934,0.003046683967113495,0.6082396507263184,1.028106689453125,0.004340932238847017,0.6056290864944458,1.0285913944244385,0.005204604007303715,0.0,0.0,0.0,0.0,0.0,0.0,0.0,0.0,0.0,0.0,0.0,0.0,0.0,0.0,0.0,0.0,0.0,0.0,0.0,0.0,0.0,0.0,0.0,0.0,0.0,0.0,0.0,0.0,0.0,0.0,0.0,0.0,0.0,0.0,0.0,0.0,0.0,0.0,0.0,0.0,0.0,0.0,0.0,0.0,0.0,0.0,0.0,0.0,0.0,0.0,0.0,0.0,0.0,0.0,0.0,0.0,0.0,0.0,0.0,0.0,0.0,0.0,0.0
0.4979276955127716,0.27996474504470825,-0.48521992564201355,0.5120676755905151,0.24801437556743622,-0.4490688443183899,0.5201687812805176,0.2478785216808319,-0.4493928551673889,0.5255181193351746,0.2493102252483368,-0.4495043158531189,0.48675063252449036,0.24874363839626312,-0.45059511065483093,0.4786151647567749,0.2502472698688507,-0.4506697654724121,0.4703234136104584,0.2527797818183899,-0.4510675370693207,0.5368074178695679,0.26922568678855896,-0.222016379237175,0.46272704005241394,0.2737463116645813,-0.22429856657981873,0.5138425827026367,0.31905826926231384,-0.4001277685165405,0.4825012981891632,0.31876999139785767,-0.40105628967285156,0.5898777842521667,0.4762134253978729,-0.09002714604139328,0.40892356634140015,0.48263221979141235,-0.08792880922555923,0.6087049245834351,0.7415529489517212,-0.06684847921133041,0.39294373989105225,0.7564564943313599,-0.045143045485019684,0.6129968166351318,0.94562166929245,-0.3504240810871124,0.3926335871219635,0.9568577408790588,-0.28994715213775635,0.6217922568321228,1.0121020078659058,-0.4237314462661743,0.3899538815021515,1.0275630950927734,-0.35982459783554077,0.6117731928825378,1.009716272354126,-0.4808395206928253,0.40160244703292847,1.0202590227127075,-0.4191974401473999,0.6049870848655701,0.9829419255256653,-0.38132983446121216,0.40612199902534485,0.9920031428337097,-0.31912192702293396,0.5670772790908813,0.9789939522743225,-0.03562479466199875,0.44993287324905396,0.9817242622375488,0.03644399717450142,0.564860463142395,1.3524283170700073,-0.04042702540755272,0.4451495409011841,1.3388828039169312,0.049434345215559006,0.5680907368659973,1.6698552370071411,0.38680514693260193,0.45632436871528625,1.6645374298095703,0.37124601006507874,0.569096028804779,1.709909200668335,0.41483274102211,0.4565620720386505,1.7096035480499268,0.394405335187912,0.5554273724555969,1.7791377305984497,0.1584087759256363,0.4760303497314453,1.7635735273361206,0.11325452476739883,0.0,0.0,0.0,0.0,0.0,0.0,0.0,0.0,0.0,0.0,0.0,0.0,0.0,0.0,0.0,0.0,0.0,0.0,0.0,0.0,0.0,0.0,0.0,0.0,0.0,0.0,0.0,0.0,0.0,0.0,0.0,0.0,0.0,0.0,0.0,0.0,0.0,0.0,0.0,0.0,0.0,0.0,0.0,0.0,0.0,0.0,0.0,0.0,0.0,0.0,0.0,0.0,0.0,0.0,0.0,0.0,0.0,0.0,0.0,0.0,0.0,0.0,0.0,0.0,0.0,0.0,0.0,0.0,0.0,0.0,0.0,0.0,0.0,0.0,0.0,0.0,0.0,0.0,0.0,0.0,0.0,0.0,0.0,0.0,0.0,0.0,0.0,0.0,0.0,0.0,0.0,0.0,0.0,0.0,0.0,0.0,0.0,0.0,0.0,0.0,0.0,0.0,0.0,0.0,0.0,0.0,0.0,0.0,0.0,0.0,0.0,0.0,0.0,0.0,0.0,0.0,0.0,0.0,0.0,0.0,0.0,0.0,0.0,0.0,0.0,0.0
0.4978567361831665,0.27995923161506653,-0.48373186588287354,0.5120324492454529,0.24801647663116455,-0.44737502932548523,0.5201343894004822,0.2478928416967392,-0.44770583510398865,0.5254899263381958,0.24935153126716614,-0.4478205442428589,0.48669490218162537,0.24874433875083923,-0.4487893283367157,0.47856104373931885,0.2502443492412567,-0.4488607347011566,0.4702668786048889,0.25277572870254517,-0.4492599368095398,0.5368102192878723,0.2693198323249817,-0.22013093531131744,0.4626876413822174,0.27373406291007996,-0.22168204188346863,0.5137811303138733,0.3190644085407257,-0.3987439274787903,0.48241090774536133,0.3187759816646576,-0.3995113670825958,0.5898535251617432,0.4762377142906189,-0.08991065621376038,0.4089198112487793,0.48265340924263,-0.08701515197753906,0.6086267232894897,0.7416844964027405,-0.07181429117918015,0.3930169939994812,0.7566760778427124,-0.04526832327246666,0.6129367351531982,0.9456706047058105,-0.3618469834327698,0.3926868140697479,0.9569053649902344,-0.2900218367576599,0.6217439770698547,1.0127192735671997,-0.4363025426864624,0.3899840712547302,1.0276339054107666,-0.35986292362213135,0.6116784811019897,1.0103216171264648,-0.49301671981811523,0.401606023311615,1.0204788446426392,-0.41921111941337585,0.6048609614372253,0.9832517504692078,-0.392730712890625,0.4061918258666992,0.9920932054519653,-0.319181352853775,0.5670697689056396,0.9791770577430725,-0.03569253161549568,0.4499119222164154,0.9817711710929871,0.03650679066777229,0.5647754073143005,1.3527371883392334,-0.039689261466264725,0.44502314925193787,1.3396596908569336,0.05238141492009163,0.5679866671562195,1.6701017618179321,0.38888394832611084,0.4562635123729706,1.6650373935699463,0.37610164284706116,0.5690130591392517,1.710148572921753,0.4171335995197296,0.4565078616142273,1.7100359201431274,0.3995332419872284,0.5553019642829895,1.7794438600540161,0.16096609830856323,0.4760189950466156,1.7642273902893066,0.11929792910814285,0.614760160446167,0.9281556606292725,-3.187259522974273e-08,0.6050081849098206,0.9559828639030457,0.0031366548500955105,0.6023412346839905,0.9850989580154419,0.005052017048001289,0.6005194187164307,1.0050395727157593,0.005250843707472086,0.5961484313011169,1.0165939331054688,0.006116723641753197,0.6198404431343079,1.011688470840454,0.009764987975358963,0.6117575764656067,1.0346006155014038,0.00882167462259531,0.6044594645500183,1.0330649614334106,0.0065557644702494144,0.6006679534912109,1.028075933456421,0.00498061440885067,0.6198605298995972,1.0120484828948975,0.006986326538026333,0.6104735732078552,1.0348948240280151,0.006487453822046518,0.6044338345527649,1.0303512811660767,0.0043928371742367744,0.6020109057426453,1.024066686630249,0.0029469330329447985,0.6171472668647766,1.0090690851211548,0.0037388845812529325,0.6073800921440125,1.0313719511032104,0.0036655638832598925,0.6023514270782471,1.0265628099441528,0.0036507556214928627,0.6006520986557007,1.0203163623809814,0.0035696441773325205,0.6126607656478882,1.004314661026001,0.0004318438586778939,0.6039974093437195,1.0240774154663086,0.0017947180895134807,0.5998097062110901,1.0217032432556152,0.0035480563528835773,0.5985207557678223,1.0162293910980225,0.0047635226510465145,0.0,0.0,0.0,0.0,0.0,0.0,0.0,0.0,0.0,0.0,0.0,0.0,0.0,0.0,0.0,0.0,0.0,0.0,0.0,0.0,0.0,0.0,0.0,0.0,0.0,0.0,0.0,0.0,0.0,0.0,0.0,0.0,0.0,0.0,0.0,0.0,0.0,0.0,0.0,0.0,0.0,0.0,0.0,0.0,0.0,0.0,0.0,0.0,0.0,0.0,0.0,0.0,0.0,0.0,0.0,0.0,0.0,0.0,0.0,0.0,0.0,0.0,0.0
0.4978351593017578,0.27994781732559204,-0.48072120547294617,0.5120280981063843,0.24801649153232574,-0.44412797689437866,0.5201268792152405,0.24790245294570923,-0.4444630742073059,0.5254833102226257,0.24938224256038666,-0.44456958770751953,0.4866785407066345,0.24874448776245117,-0.4456651508808136,0.4785432815551758,0.25024110078811646,-0.44573312997817993,0.4702451527118683,0.25277188420295715,-0.446134477853775,0.5368275046348572,0.2693805992603302,-0.21690715849399567,0.46265506744384766,0.27372658252716064,-0.21897511184215546,0.5137662291526794,0.31906867027282715,-0.3959673047065735,0.48237383365631104,0.3187825679779053,-0.39688336849212646,0.5898438096046448,0.47630712389945984,-0.08797580748796463,0.4089164435863495,0.4826638698577881,-0.08644601702690125,0.6085652112960815,0.7421805262565613,-0.07257965207099915,0.3930641710758209,0.7569547891616821,-0.045365337282419205,0.6128661036491394,0.9458277821540833,-0.3646053075790405,0.39270180463790894,0.9569467902183533,-0.29008400440216064,0.6217167973518372,1.0137828588485718,-0.43912437558174133,0.3899836540222168,1.027719259262085,-0.3598909378051758,0.6115956902503967,1.0112409591674805,-0.4958658516407013,0.40160173177719116,1.0206691026687622,-0.4192201495170593,0.6047238707542419,0.9837517738342285,-0.3955680727958679,0.40620842576026917,0.9921770095825195,-0.31923264265060425,0.5670030117034912,0.9793194532394409,-0.035502005368471146,0.4498440623283386,0.9817924499511719,0.036316487938165665,0.5646930932998657,1.3531439304351807,-0.03966642916202545,0.4448978006839752,1.3403326272964478,0.052249085158109665,0.5678337812423706,1.6710249185562134,0.38337209820747375,0.45611572265625,1.6660062074661255,0.3691096305847168,0.5689085721969604,1.7112503051757812,0.41044044494628906,0.45633670687675476,1.711091160774231,0.3915485441684723,0.5550365447998047,1.780255913734436,0.15366630256175995,0.4759487509727478,1.7651796340942383,0.11129660904407501,0.0,0.0,0.0,0.0,0.0,0.0,0.0,0.0,0.0,0.0,0.0,0.0,0.0,0.0,0.0,0.0,0.0,0.0,0.0,0.0,0.0,0.0,0.0,0.0,0.0,0.0,0.0,0.0,0.0,0.0,0.0,0.0,0.0,0.0,0.0,0.0,0.0,0.0,0.0,0.0,0.0,0.0,0.0,0.0,0.0,0.0,0.0,0.0,0.0,0.0,0.0,0.0,0.0,0.0,0.0,0.0,0.0,0.0,0.0,0.0,0.0,0.0,0.0,0.614378035068512,0.9325373768806458,1.324104470512566e-08,0.6043541431427002,0.9560433626174927,0.002553601749241352,0.6029289364814758,0.9841639995574951,0.0048493328504264355,0.6022093296051025,1.002425193786621,0.005930679850280285,0.5988528728485107,1.0146039724349976,0.007367397658526897,0.6184461116790771,1.006206750869751,0.008950630202889442,0.6143378019332886,1.0299186706542969,0.0091299619525671,0.6081824898719788,1.0378934144973755,0.007692945189774036,0.6042259931564331,1.0408384799957275,0.006530442275106907,0.6201453804969788,1.0068345069885254,0.0070584602653980255,0.6155384182929993,1.030883550643921,0.007916015572845936,0.6096805930137634,1.035451054573059,0.006418382748961449,0.6061834096908569,1.0379279851913452,0.005010740831494331,0.6194048523902893,1.005129337310791,0.004785256460309029,0.6147406697273254,1.0284020900726318,0.005570306442677975,0.6092028021812439,1.0318384170532227,0.005674480460584164,0.6058641076087952,1.0334923267364502,0.005366235505789518,0.6166347861289978,1.002238154411316,0.002450044732540846,0.6127396821975708,1.0237845182418823,0.00363786774687469,0.6082168817520142,1.0290300846099854,0.005029797554016113,0.6056972742080688,1.0306411981582642,0.005917704664170742
0.49782222509384155,0.27994388341903687,-0.4783625304698944,0.51202392578125,0.24801850318908691,-0.4417736232280731,0.520119309425354,0.24791768193244934,-0.44211241602897644,0.5254771113395691,0.24942250549793243,-0.44221794605255127,0.4866674542427063,0.2487456202507019,-0.44337233901023865,0.47853323817253113,0.25023913383483887,-0.44343850016593933,0.4702339470386505,0.25276824831962585,-0.4438423812389374,0.5368398427963257,0.2694554328918457,-0.2147257924079895,0.46263015270233154,0.27371746301651,-0.2169717252254486,0.5137538313865662,0.3190787136554718,-0.3937285542488098,0.4823509454727173,0.3187968134880066,-0.3947058916091919,0.589840292930603,0.4763382077217102,-0.08659815788269043,0.40891239047050476,0.4826797544956207,-0.08600854873657227,0.6085191965103149,0.742324948310852,-0.07305064052343369,0.39309975504875183,0.7572544813156128,-0.045399587601423264,0.6128019094467163,0.9458650946617126,-0.36558762192726135,0.39271581172943115,0.9570708274841309,-0.29006943106651306,0.6216872334480286,1.0142937898635864,-0.4399585425853729,0.3899837136268616,1.027994155883789,-0.35977476835250854,0.6114906668663025,1.0116103887557983,-0.496574342250824,0.4015985429286957,1.0211725234985352,-0.4189757704734802,0.604557991027832,0.9839635491371155,-0.3964885473251343,0.40625181794166565,0.9924309849739075,-0.3191617429256439,0.5669326782226562,0.9795978665351868,-0.03541676327586174,0.4497080147266388,0.9818341135978699,0.03622861206531525,0.5645297169685364,1.3535586595535278,-0.03966652974486351,0.44471150636672974,1.3410468101501465,0.051829032599925995,0.5676091909408569,1.6716725826263428,0.38179832696914673,0.4559118449687958,1.666751742362976,0.3680061995983124,0.5687347054481506,1.7119697332382202,0.4086760878562927,0.45609867572784424,1.7118650674819946,0.39033225178718567,0.5547028183937073,1.7809364795684814,0.1522110402584076,0.4758448898792267,1.765950083732605,0.11048802733421326,0.0,0.0,0.0,0.0,0.0,0.0,0.0,0.0,0.0,0.0,0.0,0.0,0.0,0.0,0.0,0.0,0.0,0.0,0.0,0.0,0.0,0.0,0.0,0.0,0.0,0.0,0.0,0.0,0.0,0.0,0.0,0.0,0.0,0.0,0.0,0.0,0.0,0.0,0.0,0.0,0.0,0.0,0.0,0.0,0.0,0.0,0.0,0.0,0.0,0.0,0.0,0.0,0.0,0.0,0.0,0.0,0.0,0.0,0.0,0.0,0.0,0.0,0.0,0.0,0.0,0.0,0.0,0.0,0.0,0.0,0.0,0.0,0.0,0.0,0.0,0.0,0.0,0.0,0.0,0.0,0.0,0.0,0.0,0.0,0.0,0.0,0.0,0.0,0.0,0.0,0.0,0.0,0.0,0.0,0.0,0.0,0.0,0.0,0.0,0.0,0.0,0.0,0.0,0.0,0.0,0.0,0.0,0.0,0.0,0.0,0.0,0.0,0.0,0.0,0.0,0.0,0.0,0.0,0.0,0.0,0.0,0.0,0.0,0.0,0.0,0.0
0.4978157877922058,0.2799336612224579,-0.4765351414680481,0.5120183229446411,0.24801819026470184,-0.4398270547389984,0.5201143622398376,0.24792443215847015,-0.44016706943511963,0.5254724621772766,0.24944403767585754,-0.44026824831962585,0.4866616427898407,0.2487459033727646,-0.4415847659111023,0.47852766513824463,0.25023674964904785,-0.4416486620903015,0.4702286422252655,0.25276482105255127,-0.44205430150032043,0.5368595719337463,0.26950541138648987,-0.21264539659023285,0.46260717511177063,0.27370893955230713,-0.21552230417728424,0.5137476325035095,0.3190822899341583,-0.3919241726398468,0.4823448359966278,0.31880494952201843,-0.3930821418762207,0.5898336172103882,0.4763861298561096,-0.08532356470823288,0.4089092016220093,0.48268410563468933,-0.0858609527349472,0.6084047555923462,0.7425600290298462,-0.07525523006916046,0.39317357540130615,0.7575558423995972,-0.04655120149254799,0.6127208471298218,0.9458720684051514,-0.3739306330680847,0.39279308915138245,0.9570897817611694,-0.2917952537536621,0.6216658353805542,1.014723777770996,-0.4495725631713867,0.39003291726112366,1.0280075073242188,-0.36181119084358215,0.6113665103912354,1.0118416547775269,-0.5059647560119629,0.4016224145889282,1.0212244987487793,-0.4208042323589325,0.6043761372566223,0.9840482473373413,-0.4049524664878845,0.40634527802467346,0.9924497008323669,-0.3208359181880951,0.5669329166412354,0.979695200920105,-0.03522440418601036,0.44970110058784485,0.9819246530532837,0.036039575934410095,0.5644756555557251,1.3539302349090576,-0.03915480896830559,0.44457587599754333,1.34173583984375,0.05183685943484306,0.5674226880073547,1.6720948219299316,0.38199350237846375,0.45557960867881775,1.667382836341858,0.36798450350761414,0.5686043500900269,1.712424635887146,0.40894952416419983,0.4556862413883209,1.7125121355056763,0.39038124680519104,0.5543282628059387,1.7814393043518066,0.15244264900684357,0.47564518451690674,1.7667635679244995,0.11045099794864655,0.61497962474823,0.9272050261497498,-2.1751048961959896e-08,0.6047556400299072,0.9555650949478149,0.003427129238843918,0.6019070744514465,0.984874963760376,0.0054231383837759495,0.600480318069458,1.0045783519744873,0.005702032707631588,0.5962968468666077,1.0165491104125977,0.006590893026441336,0.6191007494926453,1.010682225227356,0.010062244720757008,0.6125317215919495,1.033978819847107,0.009098711423575878,0.6050726175308228,1.0354535579681396,0.006729015614837408,0.6007215976715088,1.0325216054916382,0.005082576535642147,0.6196739673614502,1.0106934309005737,0.007111840881407261,0.6119466423988342,1.0341169834136963,0.006574211176484823,0.6053072214126587,1.0324629545211792,0.004354338627308607,0.601807177066803,1.0284497737884521,0.0028333361260592937,0.6176693439483643,1.0076738595962524,0.0037122603971511126,0.6095077991485596,1.030861496925354,0.003598863957449794,0.6036756038665771,1.0290780067443848,0.003630410647019744,0.6006849408149719,1.0254240036010742,0.003608472878113389,0.6136996150016785,1.0029500722885132,0.0002579989086370915,0.6065016984939575,1.023909330368042,0.001447073882445693,0.6015951633453369,1.0247834920883179,0.0032332399860024452,0.5992847681045532,1.022060751914978,0.004552073311060667,0.0,0.0,0.0,0.0,0.0,0.0,0.0,0.0,0.0,0.0,0.0,0.0,0.0,0.0,0.0,0.0,0.0,0.0,0.0,0.0,0.0,0.0,0.0,0.0,0.0,0.0,0.0,0.0,0.0,0.0,0.0,0.0,0.0,0.0,0.0,0.0,0.0,0.0,0.0,0.0,0.0,0.0,0.0,0.0,0.0,0.0,0.0,0.0,0.0,0.0,0.0,0.0,0.0,0.0,0.0,0.0,0.0,0.0,0.0,0.0,0.0,0.0,0.0
0.49780935049057007,0.279918909072876,-0.4716629683971405,0.5120133757591248,0.24801898002624512,-0.4351590573787689,0.520110011100769,0.2479354292154312,-0.4354991912841797,0.525468647480011,0.24947145581245422,-0.4356023669242859,0.48665523529052734,0.24874629080295563,-0.4369504153728485,0.4785212278366089,0.2502346634864807,-0.4370148479938507,0.4702223241329193,0.252761572599411,-0.4374200105667114,0.5368738770484924,0.26955583691596985,-0.20952174067497253,0.46259042620658875,0.27370166778564453,-0.21253739297389984,0.5137418508529663,0.31908470392227173,-0.3875713348388672,0.48233795166015625,0.31881245970726013,-0.3887806832790375,0.5898350477218628,0.4763924479484558,-0.0829181969165802,0.408903568983078,0.4826796352863312,-0.0845516175031662,0.6083628535270691,0.7425782084465027,-0.07517731189727783,0.39318913221359253,0.75757896900177,-0.046587612479925156,0.6127176880836487,0.9457505941390991,-0.3728810250759125,0.39281195402145386,0.9570941925048828,-0.29178935289382935,0.6216614842414856,1.0147408246994019,-0.448076993227005,0.3900398910045624,1.0280119180679321,-0.36180728673934937,0.611282467842102,1.0118788480758667,-0.5044174194335938,0.4016342759132385,1.0212700366973877,-0.4206468462944031,0.6043074727058411,0.9840707182884216,-0.40383780002593994,0.40639880299568176,0.992472767829895,-0.32079094648361206,0.5669265985488892,0.9797090888023376,-0.03504709526896477,0.4496539831161499,0.9819064736366272,0.03586919978260994,0.5643288493156433,1.3539495468139648,-0.038073692470788956,0.4444402754306793,1.3417435884475708,0.05162627622485161,0.5673341751098633,1.6721282005310059,0.38048166036605835,0.4555007815361023,1.6672148704528809,0.36534348130226135,0.5685513615608215,1.7124614715576172,0.4071938395500183,0.455593466758728,1.7123264074325562,0.38749876618385315,0.5542076230049133,1.7814414501190186,0.15176425874233246,0.4756251275539398,1.7665817737579346,0.1093902513384819,0.0,0.0,0.0,0.0,0.0,0.0,0.0,0.0,0.0,0.0,0.0,0.0,0.0,0.0,0.0,0.0,0.0,0.0,0.0,0.0,0.0,0.0,0.0,0.0,0.0,0.0,0.0,0.0,0.0,0.0,0.0,0.0,0.0,0.0,0.0,0.0,0.0,0.0,0.0,0.0,0.0,0.0,0.0,0.0,0.0,0.0,0.0,0.0,0.0,0.0,0.0,0.0,0.0,0.0,0.0,0.0,0.0,0.0,0.0,0.0,0.0,0.0,0.0,0.6146681308746338,0.9318338632583618,2.2353670914299073e-08,0.604248583316803,0.955659806728363,0.002352945739403367,0.6024659872055054,0.984092116355896,0.0045769657008349895,0.6016008853912354,1.003082275390625,0.005685525014996529,0.5979459881782532,1.0154231786727905,0.007155247498303652,0.6178507208824158,1.0058314800262451,0.008799849078059196,0.6137368083000183,1.029927372932434,0.008936237543821335,0.6070257425308228,1.038078784942627,0.007476856000721455,0.6024448871612549,1.0408024787902832,0.006370557006448507,0.620361328125,1.006087303161621,0.0071272761560976505,0.6155922412872314,1.0306702852249146,0.007997212000191212,0.6092150807380676,1.0354713201522827,0.00644282903522253,0.6051164865493774,1.0380595922470093,0.005034188739955425,0.6204520463943481,1.0043431520462036,0.0050826058723032475,0.6157490611076355,1.0279881954193115,0.005941842682659626,0.6097351312637329,1.0320260524749756,0.005996592342853546,0.6058449149131775,1.0340378284454346,0.005688280798494816,0.6185254454612732,1.0015071630477905,0.0029671713709831238,0.6147720813751221,1.0237962007522583,0.004254730883985758,0.6098398566246033,1.0298200845718384,0.005680317059159279,0.6068787574768066,1.0319730043411255,0.00662788562476635
0.4978042244911194,0.27990394830703735,-0.4713466763496399,0.5120090842247009,0.24801982939243317,-0.4348287284374237,0.5201047658920288,0.24794580042362213,-0.4351681172847748,0.5254642367362976,0.2494957596063614,-0.4352693259716034,0.4866478145122528,0.24874714016914368,-0.4367313086986542,0.47851523756980896,0.2502330541610718,-0.4367953836917877,0.47021618485450745,0.25275856256484985,-0.43720003962516785,0.536885142326355,0.26959046721458435,-0.2089904397726059,0.4625779390335083,0.2736944556236267,-0.21249504387378693,0.5137380957603455,0.31908679008483887,-0.3871487081050873,0.48233044147491455,0.3188190460205078,-0.3885100781917572,0.5898305773735046,0.4764121174812317,-0.08209362626075745,0.40889427065849304,0.48267433047294617,-0.08456019312143326,0.6082851886749268,0.7426428198814392,-0.07508169114589691,0.39319902658462524,0.7576135993003845,-0.048195730894804,0.6127117872238159,0.9456821084022522,-0.37290582060813904,0.39283186197280884,0.9570801854133606,-0.2948525547981262,0.6216610670089722,1.0149023532867432,-0.4483296275138855,0.3900544345378876,1.0279659032821655,-0.3652783930301666,0.611240804195404,1.0119683742523193,-0.504802405834198,0.40164563059806824,1.021260380744934,-0.4239332377910614,0.6042630672454834,0.9840877056121826,-0.40390628576278687,0.40644216537475586,0.992449939250946,-0.3238162696361542,0.5668143630027771,0.9797118306159973,-0.03480639308691025,0.4496111571788788,0.9818809032440186,0.03563089296221733,0.5642267465591431,1.353961706161499,-0.035939764231443405,0.4443988502025604,1.3417826890945435,0.052258893847465515,0.5672028064727783,1.6721491813659668,0.3811156153678894,0.45543748140335083,1.6672413349151611,0.36570316553115845,0.5684376358985901,1.7124899625778198,0.40784090757369995,0.45551973581314087,1.7123582363128662,0.38791173696517944,0.5540475845336914,1.7814562320709229,0.15252797305583954,0.47555556893348694,1.7665977478027344,0.10966368019580841,0.0,0.0,0.0,0.0,0.0,0.0,0.0,0.0,0.0,0.0,0.0,0.0,0.0,0.0,0.0,0.0,0.0,0.0,0.0,0.0,0.0,0.0,0.0,0.0,0.0,0.0,0.0,0.0,0.0,0.0,0.0,0.0,0.0,0.0,0.0,0.0,0.0,0.0,0.0,0.0,0.0,0.0,0.0,0.0,0.0,0.0,0.0,0.0,0.0,0.0,0.0,0.0,0.0,0.0,0.0,0.0,0.0,0.0,0.0,0.0,0.0,0.0,0.0,0.0,0.0,0.0,0.0,0.0,0.0,0.0,0.0,0.0,0.0,0.0,0.0,0.0,0.0,0.0,0.0,0.0,0.0,0.0,0.0,0.0,0.0,0.0,0.0,0.0,0.0,0.0,0.0,0.0,0.0,0.0,0.0,0.0,0.0,0.0,0.0,0.0,0.0,0.0,0.0,0.0,0.0,0.0,0.0,0.0,0.0,0.0,0.0,0.0,0.0,0.0,0.0,0.0,0.0,0.0,0.0,0.0,0.0,0.0,0.0,0.0,0.0,0.0
0.49780741333961487,0.2798888683319092,-0.469986230134964,0.5120103359222412,0.2480183094739914,-0.43344342708587646,0.5201001763343811,0.24795037508010864,-0.43378686904907227,0.5254601240158081,0.24950860440731049,-0.4338865280151367,0.4866442084312439,0.2487449049949646,-0.43531152606010437,0.47851449251174927,0.25022628903388977,-0.43537160754203796,0.47021663188934326,0.2527477443218231,-0.43577784299850464,0.5368967056274414,0.2696149945259094,-0.20760896801948547,0.46257200837135315,0.27368444204330444,-0.21091100573539734,0.5137385129928589,0.3190889358520508,-0.3858743906021118,0.4823317527770996,0.3188248872756958,-0.38718050718307495,0.5898295640945435,0.47641608119010925,-0.0818263366818428,0.4088909327983856,0.4826776087284088,-0.0836586132645607,0.6082025170326233,0.7426714301109314,-0.07733259350061417,0.39321762323379517,0.7578835487365723,-0.04812537878751755,0.6127103567123413,0.9456408619880676,-0.3779523968696594,0.39290517568588257,0.9572606086730957,-0.29448091983795166,0.6216921210289001,1.0153827667236328,-0.4537155330181122,0.3901080787181854,1.0283730030059814,-0.3648149371147156,0.6112238168716431,1.0121701955795288,-0.5098842978477478,0.4016875922679901,1.021790862083435,-0.42331987619400024,0.6042409539222717,0.9841369390487671,-0.4088996350765228,0.40651795268058777,0.9927065372467041,-0.32335981726646423,0.5669066905975342,0.9797205328941345,-0.034798722714185715,0.4496375620365143,0.9818861484527588,0.03562287613749504,0.5643320679664612,1.3539674282073975,-0.03594234958291054,0.4444678723812103,1.3419486284255981,0.05487268790602684,0.5672391653060913,1.6722211837768555,0.3773346245288849,0.45542821288108826,1.6675944328308105,0.3665701746940613,0.5685118436813354,1.7126235961914062,0.4035225808620453,0.4555054306983948,1.712799072265625,0.3887447118759155,0.554039716720581,1.7815691232681274,0.14747461676597595,0.47556716203689575,1.767029881477356,0.11055263131856918,0.6154707074165344,0.9274089932441711,-4.8509889438719256e-09,0.6047331690788269,0.954411506652832,0.002531745471060276,0.601464033126831,0.9840821027755737,0.004328005947172642,0.6003108024597168,1.0043567419052124,0.00472928024828434,0.5963290333747864,1.0168122053146362,0.005698699504137039,0.6179577112197876,1.0100780725479126,0.00874747522175312,0.6114840507507324,1.033887505531311,0.007624872960150242,0.6039900779724121,1.0373775959014893,0.005321065429598093,0.5991867184638977,1.0361788272857666,0.003744622226804495,0.619665265083313,1.0107332468032837,0.006394027732312679,0.6122398972511292,1.0346628427505493,0.005712615791708231,0.6055347919464111,1.0347198247909546,0.0036224080249667168,0.6015326976776123,1.0327143669128418,0.0021978907752782106,0.6188380122184753,1.0085598230361938,0.0035840244963765144,0.611172080039978,1.0321376323699951,0.0031635265331715345,0.6050525903701782,1.031843662261963,0.0032358234748244286,0.6014254093170166,1.0300047397613525,0.003308650106191635,0.6159340143203735,1.0048158168792725,0.0006809704937040806,0.6091834306716919,1.0264643430709839,0.0014296078588813543,0.6038179993629456,1.0290067195892334,0.003113407175987959,0.6009371876716614,1.0281246900558472,0.004450724460184574,0.0,0.0,0.0,0.0,0.0,0.0,0.0,0.0,0.0,0.0,0.0,0.0,0.0,0.0,0.0,0.0,0.0,0.0,0.0,0.0,0.0,0.0,0.0,0.0,0.0,0.0,0.0,0.0,0.0,0.0,0.0,0.0,0.0,0.0,0.0,0.0,0.0,0.0,0.0,0.0,0.0,0.0,0.0,0.0,0.0,0.0,0.0,0.0,0.0,0.0,0.0,0.0,0.0,0.0,0.0,0.0,0.0,0.0,0.0,0.0,0.0,0.0,0.0
0.4978076219558716,0.2798832356929779,-0.46896904706954956,0.5120088458061218,0.24802269041538239,-0.4323814809322357,0.520095944404602,0.2479696273803711,-0.43272438645362854,0.5254566669464111,0.24954690039157867,-0.43281933665275574,0.48664024472236633,0.24874991178512573,-0.4342392385005951,0.4785129129886627,0.2502281069755554,-0.4342988431453705,0.47021543979644775,0.252747505903244,-0.43470343947410583,0.5369114279747009,0.2696661949157715,-0.2067856639623642,0.46256354451179504,0.27368253469467163,-0.21013203263282776,0.5137404203414917,0.3190929591655731,-0.3850485384464264,0.482331782579422,0.31884118914604187,-0.38637250661849976,0.5898162722587585,0.476438969373703,-0.08169271051883698,0.4088870584964752,0.4826815128326416,-0.08256494253873825,0.6081455945968628,0.7427577972412109,-0.07745114713907242,0.39325812458992004,0.7579268217086792,-0.04748762026429176,0.6126781702041626,0.9456015825271606,-0.37659314274787903,0.3929764926433563,0.957260251045227,-0.2938094139099121,0.621674120426178,1.0158133506774902,-0.4519796371459961,0.39012911915779114,1.028340458869934,-0.3638688325881958,0.6110332012176514,1.0124824047088623,-0.5083182454109192,0.40169757604599,1.0217069387435913,-0.4223434329032898,0.6040752530097961,0.9842702150344849,-0.4075459837913513,0.4065893888473511,0.9926302433013916,-0.3227098882198334,0.5669077038764954,0.9797196984291077,-0.03478159010410309,0.44963937997817993,0.9818878173828125,0.03560875356197357,0.5643266439437866,1.3539786338806152,-0.038763780146837234,0.4444570541381836,1.3419666290283203,0.050716470927000046,0.5672299265861511,1.6724328994750977,0.3644729554653168,0.4553951323032379,1.6677346229553223,0.35101428627967834,0.5685070157051086,1.7129144668579102,0.38969433307647705,0.4554452896118164,1.7130253314971924,0.371864378452301,0.5540291666984558,1.7817002534866333,0.13358141481876373,0.47555556893348694,1.767066240310669,0.09336920827627182,0.614038348197937,0.9309820532798767,4.231077987970622e-11,0.6043931245803833,0.956214964389801,0.0024601644836366177,0.6029343008995056,0.9848876595497131,0.004797115921974182,0.6016382575035095,1.0036239624023438,0.0059854392893612385,0.59710294008255,1.0150734186172485,0.007659426890313625,0.6192581057548523,1.0070099830627441,0.008889134041965008,0.6144524812698364,1.029558539390564,0.009130955673754215,0.6073799133300781,1.0341639518737793,0.007642967626452446,0.6028474569320679,1.0337674617767334,0.006485218182206154,0.6204039454460144,1.0064908266067505,0.0072808219119906425,0.6146134734153748,1.0287059545516968,0.00826555211097002,0.6081034541130066,1.0295984745025635,0.006633839104324579,0.604405403137207,1.0284066200256348,0.005140876863151789,0.6188519597053528,1.003461480140686,0.005339805968105793,0.6126614809036255,1.0248525142669678,0.006269552279263735,0.6067872643470764,1.0249009132385254,0.00610634358599782,0.6034932136535645,1.0232104063034058,0.005618702620267868,0.6154267191886902,0.9990400671958923,0.0033606267534196377,0.6100404858589172,1.0189063549041748,0.0047927661798894405,0.605314314365387,1.0209509134292603,0.006082042586058378,0.6028452515602112,1.0194647312164307,0.006907702423632145,0.0,0.0,0.0,0.0,0.0,0.0,0.0,0.0,0.0,0.0,0.0,0.0,0.0,0.0,0.0,0.0,0.0,0.0,0.0,0.0,0.0,0.0,0.0,0.0,0.0,0.0,0.0,0.0,0.0,0.0,0.0,0.0,0.0,0.0,0.0,0.0,0.0,0.0,0.0,0.0,0.0,0.0,0.0,0.0,0.0,0.0,0.0,0.0,0.0,0.0,0.0,0.0,0.0,0.0,0.0,0.0,0.0,0.0,0.0,0.0,0.0,0.0,0.0
0.49781519174575806,0.27987802028656006,-0.46874842047691345,0.5120109915733337,0.2480282485485077,-0.4321064054965973,0.5200926661491394,0.24799148738384247,-0.4324476420879364,0.5254544019699097,0.2495870739221573,-0.43254390358924866,0.4866411089897156,0.24875545501708984,-0.43402186036109924,0.4785170555114746,0.25023144483566284,-0.43408283591270447,0.470220148563385,0.2527485489845276,-0.43448564410209656,0.536926805973053,0.2697082459926605,-0.20659813284873962,0.46255627274513245,0.27368393540382385,-0.2102082520723343,0.513748824596405,0.31909769773483276,-0.3848477900028229,0.482339084148407,0.318857878446579,-0.38624975085258484,0.5898097157478333,0.4764574468135834,-0.08156987279653549,0.4088839590549469,0.4827415645122528,-0.0826166570186615,0.6080760359764099,0.7428320050239563,-0.07736745476722717,0.3932945430278778,0.7584832310676575,-0.04834812879562378,0.6126630306243896,0.945584237575531,-0.3755132555961609,0.39307311177253723,0.9573741555213928,-0.2947255074977875,0.6216700673103333,1.0162272453308105,-0.4507158398628235,0.3901843726634979,1.0285241603851318,-0.3648030459880829,0.6109482645988464,1.0128337144851685,-0.5071244835853577,0.4017370939254761,1.0218669176101685,-0.42290782928466797,0.6039872765541077,0.9844098091125488,-0.40646854043006897,0.40671733021736145,0.9926852583885193,-0.3234998285770416,0.5669127106666565,0.9797655940055847,-0.0347219742834568,0.4496598541736603,0.9819900989532471,0.0355527363717556,0.5643317103385925,1.354205846786499,-0.03874886408448219,0.4444531202316284,1.3421705961227417,0.05069339647889137,0.5672949552536011,1.6726586818695068,0.36586013436317444,0.4554140865802765,1.6678059101104736,0.35263529419898987,0.5685915350914001,1.7131544351577759,0.3914097845554352,0.4554674029350281,1.713095784187317,0.37383756041526794,0.5541144013404846,1.781865119934082,0.13469257950782776,0.4755970239639282,1.7670964002609253,0.0948837623000145,0.0,0.0,0.0,0.0,0.0,0.0,0.0,0.0,0.0,0.0,0.0,0.0,0.0,0.0,0.0,0.0,0.0,0.0,0.0,0.0,0.0,0.0,0.0,0.0,0.0,0.0,0.0,0.0,0.0,0.0,0.0,0.0,0.0,0.0,0.0,0.0,0.0,0.0,0.0,0.0,0.0,0.0,0.0,0.0,0.0,0.0,0.0,0.0,0.0,0.0,0.0,0.0,0.0,0.0,0.0,0.0,0.0,0.0,0.0,0.0,0.0,0.0,0.0,0.0,0.0,0.0,0.0,0.0,0.0,0.0,0.0,0.0,0.0,0.0,0.0,0.0,0.0,0.0,0.0,0.0,0.0,0.0,0.0,0.0,0.0,0.0,0.0,0.0,0.0,0.0,0.0,0.0,0.0,0.0,0.0,0.0,0.0,0.0,0.0,0.0,0.0,0.0,0.0,0.0,0.0,0.0,0.0,0.0,0.0,0.0,0.0,0.0,0.0,0.0,0.0,0.0,0.0,0.0,0.0,0.0,0.0,0.0,0.0,0.0,0.0,0.0
0.49783575534820557,0.2798667550086975,-0.4674395024776459,0.5120201110839844,0.24802963435649872,-0.4307017922401428,0.5200912952423096,0.24800421297550201,-0.4310450553894043,0.5254542231559753,0.24961234629154205,-0.4311402142047882,0.48665156960487366,0.2487563192844391,-0.4327816069126129,0.4785308837890625,0.250230610370636,-0.4328427314758301,0.470237135887146,0.2527463138103485,-0.43324631452560425,0.5369424819946289,0.26973965764045715,-0.20546655356884003,0.46255064010620117,0.2736801505088806,-0.2097940891981125,0.5137645602226257,0.3190997838973999,-0.3836851716041565,0.4823623597621918,0.31886476278305054,-0.3853154480457306,0.58979731798172,0.47648710012435913,-0.08105984330177307,0.4088779389858246,0.48284024000167847,-0.0823441669344902,0.6080191135406494,0.7429067492485046,-0.07762067019939423,0.3933144211769104,0.7589356899261475,-0.04836828261613846,0.6126595735549927,0.9455835819244385,-0.376104474067688,0.39318937063217163,0.9575013518333435,-0.2945428192615509,0.6216704845428467,1.0164827108383179,-0.4511812925338745,0.3902660310268402,1.0286074876785278,-0.36434900760650635,0.6109167337417603,1.0130085945129395,-0.5073772072792053,0.401777058839798,1.0218998193740845,-0.42230865359306335,0.6039542555809021,0.9844960570335388,-0.40700072050094604,0.4068307876586914,0.9926893711090088,-0.3232664167881012,0.5669146776199341,0.9797741770744324,-0.034648969769477844,0.4496767818927765,0.9820027947425842,0.0354832224547863,0.564341127872467,1.3542181253433228,-0.0399700291454792,0.4444633722305298,1.3421885967254639,0.04860621318221092,0.5673529505729675,1.6727287769317627,0.3607044219970703,0.4554331600666046,1.6678286790847778,0.346388041973114,0.568684458732605,1.713256597518921,0.3859270215034485,0.4554729461669922,1.7131484746932983,0.3671506941318512,0.5541952252388,1.7818810939788818,0.1305953413248062,0.475675493478775,1.767108678817749,0.08959347754716873,0.0,0.0,0.0,0.0,0.0,0.0,0.0,0.0,0.0,0.0,0.0,0.0,0.0,0.0,0.0,0.0,0.0,0.0,0.0,0.0,0.0,0.0,0.0,0.0,0.0,0.0,0.0,0.0,0.0,0.0,0.0,0.0,0.0,0.0,0.0,0.0,0.0,0.0,0.0,0.0,0.0,0.0,0.0,0.0,0.0,0.0,0.0,0.0,0.0,0.0,0.0,0.0,0.0,0.0,0.0,0.0,0.0,0.0,0.0,0.0,0.0,0.0,0.0,0.0,0.0,0.0,0.0,0.0,0.0,0.0,0.0,0.0,0.0,0.0,0.0,0.0,0.0,0.0,0.0,0.0,0.0,0.0,0.0,0.0,0.0,0.0,0.0,0.0,0.0,0.0,0.0,0.0,0.0,0.0,0.0,0.0,0.0,0.0,0.0,0.0,0.0,0.0,0.0,0.0,0.0,0.0,0.0,0.0,0.0,0.0,0.0,0.0,0.0,0.0,0.0,0.0,0.0,0.0,0.0,0.0,0.0,0.0,0.0,0.0,0.0,0.0
0.497879296541214,0.2798547148704529,-0.46781307458877563,0.5120450258255005,0.24803026020526886,-0.43113839626312256,0.5200958251953125,0.2480149120092392,-0.43148088455200195,0.5254623889923096,0.24963310360908508,-0.4315769076347351,0.4866751432418823,0.2487570345401764,-0.4331350326538086,0.4785556495189667,0.2502298057079315,-0.4331962764263153,0.47026586532592773,0.25274381041526794,-0.4336000382900238,0.536975085735321,0.2697584331035614,-0.20576396584510803,0.46254482865333557,0.2736765146255493,-0.21021780371665955,0.5137982964515686,0.3191019892692566,-0.3840145170688629,0.48240721225738525,0.31887468695640564,-0.3854956328868866,0.5897823572158813,0.4765166640281677,-0.0809805616736412,0.4088536500930786,0.48291316628456116,-0.08296520262956619,0.6079238653182983,0.7429227232933044,-0.07747955620288849,0.3933253288269043,0.7597969174385071,-0.050673749297857285,0.6126784086227417,0.9454827308654785,-0.3756239712238312,0.39333483576774597,0.9579073190689087,-0.296718955039978,0.6216800808906555,1.0164333581924438,-0.45063620805740356,0.39041757583618164,1.0289647579193115,-0.3666720986366272,0.6109083294868469,1.0129544734954834,-0.5069009065628052,0.4018990397453308,1.0222562551498413,-0.4241029918193817,0.6039462685585022,0.9844974279403687,-0.40651172399520874,0.4070006310939789,0.9928597807884216,-0.3252488970756531,0.5669439435005188,0.9798925518989563,-0.034385181963443756,0.44973644614219666,0.9823468327522278,0.03523029386997223,0.5644411444664001,1.354496717453003,-0.039733752608299255,0.44450104236602783,1.342484712600708,0.0482645183801651,0.5677271485328674,1.6728631258010864,0.36163780093193054,0.45563986897468567,1.667855143547058,0.34825611114501953,0.5691068768501282,1.7134032249450684,0.38694992661476135,0.4556889832019806,1.7131677865982056,0.36933261156082153,0.554701030254364,1.7819539308547974,0.1329653412103653,0.47608184814453125,1.767129898071289,0.09134447574615479,0.6153174042701721,0.9286094307899475,-1.2469302035356122e-08,0.6049700379371643,0.9555004239082336,0.0026313751004636288,0.6019542217254639,0.9847730994224548,0.004374887328594923,0.6005971431732178,1.0052924156188965,0.004645950626581907,0.5965643525123596,1.0177253484725952,0.005506629589945078,0.6185950636863708,1.0119051933288574,0.008807063102722168,0.6115388870239258,1.0356416702270508,0.00789952464401722,0.6042332649230957,1.037068486213684,0.00573751563206315,0.5999746918678284,1.0342025756835938,0.004222181625664234,0.6198766827583313,1.0127493143081665,0.006437396630644798,0.6114726662635803,1.0361765623092651,0.005992444697767496,0.6049911975860596,1.0338772535324097,0.003937347326427698,0.6018252372741699,1.029654860496521,0.0024857353419065475,0.6185262799263,1.0102258920669556,0.003646165132522583,0.609709620475769,1.0331149101257324,0.0035115329083055258,0.6039304137229919,1.0303332805633545,0.0035332045517861843,0.6012157797813416,1.0260298252105713,0.0034846074413508177,0.6151701807975769,1.0059106349945068,0.0007869164692237973,0.6072542667388916,1.0265889167785645,0.0018861948046833277,0.602246105670929,1.0265530347824097,0.003582786535844207,0.6000736355781555,1.0230592489242554,0.004849618300795555,0.0,0.0,0.0,0.0,0.0,0.0,0.0,0.0,0.0,0.0,0.0,0.0,0.0,0.0,0.0,0.0,0.0,0.0,0.0,0.0,0.0,0.0,0.0,0.0,0.0,0.0,0.0,0.0,0.0,0.0,0.0,0.0,0.0,0.0,0.0,0.0,0.0,0.0,0.0,0.0,0.0,0.0,0.0,0.0,0.0,0.0,0.0,0.0,0.0,0.0,0.0,0.0,0.0,0.0,0.0,0.0,0.0,0.0,0.0,0.0,0.0,0.0,0.0
0.49793073534965515,0.2798362970352173,-0.4679613709449768,0.5120699405670166,0.24802932143211365,-0.4312540590763092,0.5200998783111572,0.24802076816558838,-0.4315956234931946,0.5254706144332886,0.24964399635791779,-0.43169182538986206,0.48670366406440735,0.24875600636005402,-0.43337109684944153,0.47858622670173645,0.2502270042896271,-0.4334332346916199,0.470306396484375,0.25273647904396057,-0.4338366687297821,0.537000834941864,0.26977741718292236,-0.20585745573043823,0.46253952383995056,0.27366945147514343,-0.21032951772212982,0.5138354897499084,0.3191016614437103,-0.38412395119667053,0.4824625551700592,0.31888172030448914,-0.38573989272117615,0.5897651314735413,0.4765234589576721,-0.08068192005157471,0.4088335633277893,0.48296502232551575,-0.0831405371427536,0.607865571975708,0.7429106831550598,-0.07577026635408401,0.39332982897758484,0.7602493166923523,-0.051399074494838715,0.6127055287361145,0.9452404975891113,-0.3719252347946167,0.39336177706718445,0.9582230448722839,-0.29730311036109924,0.6216968894004822,1.016221284866333,-0.4463748633861542,0.3904443085193634,1.0295641422271729,-0.36707815527915955,0.6109037399291992,1.0126407146453857,-0.502667248249054,0.40195390582084656,1.0227503776550293,-0.42434051632881165,0.6039513945579529,0.9843282103538513,-0.40278658270835876,0.4070812165737152,0.9930668473243713,-0.3256925046443939,0.567011296749115,0.9799025058746338,-0.034072112292051315,0.4498027265071869,0.982430100440979,0.03492232412099838,0.5646333694458008,1.3544796705245972,-0.039638444781303406,0.4446435272693634,1.3424681425094604,0.04718773812055588,0.5681481957435608,1.672863483428955,0.36250272393226624,0.4559665620326996,1.6677436828613281,0.34578028321266174,0.5695763230323792,1.7134044170379639,0.3879881203174591,0.4560181498527527,1.7130600214004517,0.3667203187942505,0.5551998019218445,1.7819284200668335,0.13428781926631927,0.47650718688964844,1.7668461799621582,0.09036602824926376,0.0,0.0,0.0,0.0,0.0,0.0,0.0,0.0,0.0,0.0,0.0,0.0,0.0,0.0,0.0,0.0,0.0,0.0,0.0,0.0,0.0,0.0,0.0,0.0,0.0,0.0,0.0,0.0,0.0,0.0,0.0,0.0,0.0,0.0,0.0,0.0,0.0,0.0,0.0,0.0,0.0,0.0,0.0,0.0,0.0,0.0,0.0,0.0,0.0,0.0,0.0,0.0,0.0,0.0,0.0,0.0,0.0,0.0,0.0,0.0,0.0,0.0,0.0,0.6143324375152588,0.9324899911880493,1.764247059554691e-08,0.6043046116828918,0.9557672739028931,0.0020887483842670918,0.6024193167686462,0.9840382933616638,0.004129922483116388,0.6012977957725525,1.0031418800354004,0.005157374776899815,0.5972942113876343,1.0153439044952393,0.00653102109208703,0.6175385117530823,1.0064588785171509,0.00810905173420906,0.6140319108963013,1.0301750898361206,0.008116896264255047,0.6081277132034302,1.0394477844238281,0.006591856945306063,0.6042724251747131,1.0436962842941284,0.005389643367379904,0.6195741295814514,1.0068904161453247,0.006495878100395203,0.6153340935707092,1.0310688018798828,0.007069883868098259,0.6096418499946594,1.036586046218872,0.0054947128519415855,0.6061619520187378,1.0400310754776,0.004115643911063671,0.6193784475326538,1.0051748752593994,0.004528300371021032,0.6150311827659607,1.0282925367355347,0.00504056503996253,0.60971999168396,1.032933235168457,0.005121987778693438,0.6063962578773499,1.035643219947815,0.004889462608844042,0.6172246336936951,1.0022611618041992,0.002485061064362526,0.6137533187866211,1.0237956047058105,0.0034198251087218523,0.6094909310340881,1.0301108360290527,0.004747511353343725,0.6070587038993835,1.0328729152679443,0.005675481632351875
0.4979988932609558,0.27981555461883545,-0.471110463142395,0.5121044516563416,0.2480248361825943,-0.43434667587280273,0.5201063752174377,0.248027041554451,-0.4346804618835449,0.5254815220832825,0.2496556043624878,-0.4347740113735199,0.48674771189689636,0.24875092506408691,-0.436851441860199,0.4786304235458374,0.2502194941043854,-0.43691810965538025,0.4703649580478668,0.25272151827812195,-0.4373196065425873,0.5370319485664368,0.2697969079017639,-0.2083556056022644,0.46253299713134766,0.27364906668663025,-0.21480660140514374,0.5138830542564392,0.3190975487232208,-0.3869237005710602,0.48253875970840454,0.31888848543167114,-0.38909175992012024,0.5897552967071533,0.4765295386314392,-0.08110121637582779,0.4088137745857239,0.4830843210220337,-0.08573097735643387,0.607774019241333,0.7429095506668091,-0.07361398637294769,0.3933253586292267,0.7613152265548706,-0.054576508700847626,0.6127614378929138,0.9450147747993469,-0.36708250641822815,0.3935321271419525,0.9593508243560791,-0.3017491102218628,0.6217750906944275,1.0160878896713257,-0.44133710861206055,0.390659362077713,1.0316954851150513,-0.37172138690948486,0.6109579205513,1.0123928785324097,-0.4978988766670227,0.40219685435295105,1.0245496034622192,-0.42873048782348633,0.6040236949920654,0.984151303768158,-0.39803874492645264,0.407280832529068,0.9940846562385559,-0.32996702194213867,0.5670663714408875,0.9798892736434937,-0.03395184129476547,0.4498891234397888,0.9824368953704834,0.03480788692831993,0.5648916959762573,1.354488730430603,-0.039604995399713516,0.4449666738510132,1.342604160308838,0.04687922075390816,0.5686807036399841,1.6728774309158325,0.3637198805809021,0.4564565420150757,1.6680139303207397,0.34696102142333984,0.5701277852058411,1.71342134475708,0.38940101861953735,0.45654308795928955,1.7133800983428955,0.3680661618709564,0.5558112859725952,1.7819850444793701,0.13590291142463684,0.4770194888114929,1.7670679092407227,0.09144998341798782,0.0,0.0,0.0,0.0,0.0,0.0,0.0,0.0,0.0,0.0,0.0,0.0,0.0,0.0,0.0,0.0,0.0,0.0,0.0,0.0,0.0,0.0,0.0,0.0,0.0,0.0,0.0,0.0,0.0,0.0,0.0,0.0,0.0,0.0,0.0,0.0,0.0,0.0,0.0,0.0,0.0,0.0,0.0,0.0,0.0,0.0,0.0,0.0,0.0,0.0,0.0,0.0,0.0,0.0,0.0,0.0,0.0,0.0,0.0,0.0,0.0,0.0,0.0,0.0,0.0,0.0,0.0,0.0,0.0,0.0,0.0,0.0,0.0,0.0,0.0,0.0,0.0,0.0,0.0,0.0,0.0,0.0,0.0,0.0,0.0,0.0,0.0,0.0,0.0,0.0,0.0,0.0,0.0,0.0,0.0,0.0,0.0,0.0,0.0,0.0,0.0,0.0,0.0,0.0,0.0,0.0,0.0,0.0,0.0,0.0,0.0,0.0,0.0,0.0,0.0,0.0,0.0,0.0,0.0,0.0,0.0,0.0,0.0,0.0,0.0,0.0
0.49804624915122986,0.2797835171222687,-0.47805875539779663,0.5121340155601501,0.24801623821258545,-0.44100555777549744,0.5201117992401123,0.24803303182125092,-0.4413367807865143,0.5254905819892883,0.24966582655906677,-0.4414302706718445,0.48677483201026917,0.24872775375843048,-0.4438224732875824,0.47865697741508484,0.25018513202667236,-0.44389042258262634,0.47040313482284546,0.25265923142433167,-0.4442982077598572,0.5370540022850037,0.26981303095817566,-0.21333687007427216,0.46252673864364624,0.27355822920799255,-0.22081589698791504,0.5139190554618835,0.3190947473049164,-0.39315468072891235,0.48257774114608765,0.3188917934894562,-0.39561668038368225,0.5897249579429626,0.47652384638786316,-0.0852370485663414,0.4087485373020172,0.48330157995224,-0.09177722036838531,0.607739269733429,0.7428407073020935,-0.07660640776157379,0.39327719807624817,0.7635419368743896,-0.06738170236349106,0.6128617525100708,0.9443645477294922,-0.3717208802700043,0.3939570188522339,0.9598171710968018,-0.3180747330188751,0.621902585029602,1.0155292749404907,-0.44721317291259766,0.3915864825248718,1.0324798822402954,-0.3895144760608673,0.6110336780548096,1.0116958618164062,-0.5032173991203308,0.40327805280685425,1.0248936414718628,-0.44612976908683777,0.6041164398193359,0.983612060546875,-0.40255042910575867,0.40819817781448364,0.9943000078201294,-0.3461454510688782,0.5670686364173889,0.979924738407135,-0.03402244672179222,0.4499163031578064,0.9824382662773132,0.034884143620729446,0.5649834871292114,1.354496717453003,-0.026832658797502518,0.44496721029281616,1.3436416387557983,0.06211519241333008,0.5689605474472046,1.672906517982483,0.3937501013278961,0.4564972519874573,1.6693018674850464,0.38056376576423645,0.5705029368400574,1.7135086059570312,0.4214351773262024,0.45660850405693054,1.7147009372711182,0.40369853377342224,0.5560595989227295,1.7822238206863403,0.16592001914978027,0.4771224558353424,1.7691407203674316,0.12376032024621964,0.0,0.0,0.0,0.0,0.0,0.0,0.0,0.0,0.0,0.0,0.0,0.0,0.0,0.0,0.0,0.0,0.0,0.0,0.0,0.0,0.0,0.0,0.0,0.0,0.0,0.0,0.0,0.0,0.0,0.0,0.0,0.0,0.0,0.0,0.0,0.0,0.0,0.0,0.0,0.0,0.0,0.0,0.0,0.0,0.0,0.0,0.0,0.0,0.0,0.0,0.0,0.0,0.0,0.0,0.0,0.0,0.0,0.0,0.0,0.0,0.0,0.0,0.0,0.0,0.0,0.0,0.0,0.0,0.0,0.0,0.0,0.0,0.0,0.0,0.0,0.0,0.0,0.0,0.0,0.0,0.0,0.0,0.0,0.0,0.0,0.0,0.0,0.0,0.0,0.0,0.0,0.0,0.0,0.0,0.0,0.0,0.0,0.0,0.0,0.0,0.0,0.0,0.0,0.0,0.0,0.0,0.0,0.0,0.0,0.0,0.0,0.0,0.0,0.0,0.0,0.0,0.0,0.0,0.0,0.0,0.0,0.0,0.0,0.0,0.0,0.0
0.4981051981449127,0.2797759473323822,-0.4785080552101135,0.5121626257896423,0.2480183094739914,-0.4413501024246216,0.520115852355957,0.24805475771427155,-0.44167715311050415,0.5254952311515808,0.24970519542694092,-0.4417673647403717,0.4868161976337433,0.24872475862503052,-0.4441719353199005,0.47870129346847534,0.25017717480659485,-0.4442386329174042,0.4704691171646118,0.25263315439224243,-0.4446481168270111,0.5370601415634155,0.2698363959789276,-0.21353577077388763,0.4625200033187866,0.2734965980052948,-0.22103458642959595,0.5139578580856323,0.3190939724445343,-0.39359617233276367,0.4826517403125763,0.31889426708221436,-0.39606931805610657,0.589714765548706,0.4764777719974518,-0.08546949177980423,0.408675879240036,0.48333343863487244,-0.09336508065462112,0.6076889038085938,0.7426275014877319,-0.07657431811094284,0.3930070996284485,0.7648229002952576,-0.07360121607780457,0.6129148602485657,0.9438887238502502,-0.37165048718452454,0.39448875188827515,0.959821343421936,-0.32442209124565125,0.6220852732658386,1.015380620956421,-0.44707393646240234,0.3926825225353241,1.0334545373916626,-0.39643245935440063,0.6112104654312134,1.011417031288147,-0.5031430125236511,0.40579652786254883,1.025773525238037,-0.45184212923049927,0.6042782664299011,0.9832778573036194,-0.4024316668510437,0.40980371832847595,0.9947681427001953,-0.3518689274787903,0.5670865774154663,0.9796590209007263,-0.03403354808688164,0.44998645782470703,0.9821622371673584,0.03489821404218674,0.565097451210022,1.3540854454040527,-0.015318482182919979,0.44497302174568176,1.344258189201355,0.07001280039548874,0.5692859888076782,1.6729110479354858,0.40440070629119873,0.4565744400024414,1.670798659324646,0.38776177167892456,0.5710081458091736,1.7135341167449951,0.43194580078125,0.4567101299762726,1.716293454170227,0.4107285439968109,0.556233823299408,1.7822644710540771,0.17520254850387573,0.4772982895374298,1.7715046405792236,0.12922777235507965,0.0,0.0,0.0,0.0,0.0,0.0,0.0,0.0,0.0,0.0,0.0,0.0,0.0,0.0,0.0,0.0,0.0,0.0,0.0,0.0,0.0,0.0,0.0,0.0,0.0,0.0,0.0,0.0,0.0,0.0,0.0,0.0,0.0,0.0,0.0,0.0,0.0,0.0,0.0,0.0,0.0,0.0,0.0,0.0,0.0,0.0,0.0,0.0,0.0,0.0,0.0,0.0,0.0,0.0,0.0,0.0,0.0,0.0,0.0,0.0,0.0,0.0,0.0,0.0,0.0,0.0,0.0,0.0,0.0,0.0,0.0,0.0,0.0,0.0,0.0,0.0,0.0,0.0,0.0,0.0,0.0,0.0,0.0,0.0,0.0,0.0,0.0,0.0,0.0,0.0,0.0,0.0,0.0,0.0,0.0,0.0,0.0,0.0,0.0,0.0,0.0,0.0,0.0,0.0,0.0,0.0,0.0,0.0,0.0,0.0,0.0,0.0,0.0,0.0,0.0,0.0,0.0,0.0,0.0,0.0,0.0,0.0,0.0,0.0,0.0,0.0
0.49814465641975403,0.2797688841819763,-0.4893810451030731,0.5121697187423706,0.24802404642105103,-0.4516470730304718,0.5201144814491272,0.24808137118816376,-0.451962411403656,0.5254934430122375,0.24974532425403595,-0.4520522952079773,0.4868517518043518,0.24872428178787231,-0.4550926983356476,0.4787442982196808,0.25017455220222473,-0.455165296792984,0.4705457389354706,0.25261038541793823,-0.4555763304233551,0.537056565284729,0.26985621452331543,-0.22062550485134125,0.4625159204006195,0.2734547555446625,-0.23114511370658875,0.5139817595481873,0.31909286975860596,-0.4033123254776001,0.4827662706375122,0.3188950717449188,-0.40662893652915955,0.5897095203399658,0.4764555096626282,-0.0889740064740181,0.4084762632846832,0.4834831655025482,-0.10125549137592316,0.6076288223266602,0.7424656748771667,-0.07616733759641647,0.3921602964401245,0.7693771123886108,-0.07868538051843643,0.6129702925682068,0.9435637593269348,-0.36796271800994873,0.39548832178115845,0.9611193537712097,-0.32796528935432434,0.6222469806671143,1.0153189897537231,-0.4435933232307434,0.3936513364315033,1.0375031232833862,-0.4003521203994751,0.6113877892494202,1.0112805366516113,-0.5005889534950256,0.4082106351852417,1.0305192470550537,-0.45594990253448486,0.6044447422027588,0.9831693172454834,-0.3991641104221344,0.41199615597724915,0.9988518357276917,-0.3554539978504181,0.5670893788337708,0.9788516759872437,-0.03378472849726677,0.4500309228897095,0.9820884466171265,0.034658826887607574,0.5655043721199036,1.353197455406189,-0.00980137474834919,0.4449772536754608,1.3442442417144775,0.06990788131952286,0.5695831179618835,1.6724933385849,0.416056364774704,0.45659056305885315,1.6707931756973267,0.3919861614704132,0.5713255405426025,1.7132331132888794,0.44408684968948364,0.45676371455192566,1.7162659168243408,0.41530513763427734,0.5564281940460205,1.7819223403930664,0.18534748256206512,0.4773119390010834,1.7715214490890503,0.13219721615314484,0.6146994829177856,0.9269427061080933,-5.537949121503516e-08,0.6056979894638062,0.9560606479644775,0.003545492421835661,0.6035940647125244,0.9849636554718018,0.005459821783006191,0.6020073294639587,1.003402590751648,0.005418154876679182,0.5980913043022156,1.013841986656189,0.005980086047202349,0.6209344267845154,1.0130513906478882,0.010416029952466488,0.6125182509422302,1.0350511074066162,0.008853285573422909,0.6059521436691284,1.0297744274139404,0.00602446123957634,0.6035256385803223,1.0220481157302856,0.004201600793749094,0.6202822327613831,1.0134299993515015,0.007146316580474377,0.6095744967460632,1.034678339958191,0.005915938410907984,0.6044636368751526,1.0254380702972412,0.0033056822139769793,0.6040841341018677,1.015538215637207,0.0017389144049957395,0.6169661283493042,1.0101442337036133,0.0033692882861942053,0.6055259704589844,1.0297201871871948,0.0026581604033708572,0.6018437147140503,1.0199508666992188,0.0023416352923959494,0.6023684740066528,1.0101276636123657,0.002244788920506835,0.6123766303062439,1.0045030117034912,-0.0004124850092921406,0.6022005677223206,1.020658254623413,0.000747223908547312,0.599341630935669,1.0132805109024048,0.002439663978293538,0.5997631549835205,1.004644751548767,0.003610053099691868,0.0,0.0,0.0,0.0,0.0,0.0,0.0,0.0,0.0,0.0,0.0,0.0,0.0,0.0,0.0,0.0,0.0,0.0,0.0,0.0,0.0,0.0,0.0,0.0,0.0,0.0,0.0,0.0,0.0,0.0,0.0,0.0,0.0,0.0,0.0,0.0,0.0,0.0,0.0,0.0,0.0,0.0,0.0,0.0,0.0,0.0,0.0,0.0,0.0,0.0,0.0,0.0,0.0,0.0,0.0,0.0,0.0,0.0,0.0,0.0,0.0,0.0,0.0
